Station Code,Station Name,State,Forecast_Year,Forecast_Month,Forecast_Round,Pred_DO,Pred_pH,Pred_BOD
1046,PRAYAGRAJ (RASOOLABAD),Uttar Pradesh,2026,1,1,9.14,8.288,2.582
1049,PRAYAGRAJ D/S (SANGAM),Uttar Pradesh,2026,1,1,9.219,8.298,2.556
1052,ULUBERIA,West Bengal,2026,1,1,7.195,7.676,2.407
1053,DAKSHINESHWAR,West Bengal,2026,1,1,7.648,7.472,2.143
1054,PALTA,West Bengal,2026,1,1,8.257,7.085,1.813
1059,RAJMAHAL,Jharkhand,2026,1,1,7.115,7.5,1.434
1060,U/S RISHIKESH ,Uttarakhand,2026,1,1,9.786,7.86,1.098
1061,HARIDWAR D/S,Uttarakhand,2026,1,1,9.01,8.107,2.385
1062,"BRIJGHAT D/S, GHARMUKTESHWAR ",Uttar Pradesh,2026,1,1,10.366,7.478,1.449
1063,U/S KANNAUJ (RAJGHAT),Uttar Pradesh,2026,1,1,9.822,8.354,3.031
1066,KANNAUJ D/S,Uttar Pradesh,2026,1,1,9.82,8.33,3.263
1067,U/S KANPUR  (RANIGHAT),Uttar Pradesh,2026,1,1,9.892,8.353,3.237
1068,KANPUR D/S (JAJMAU PUMPING STATION),Uttar Pradesh,2026,1,1,9.567,8.276,3.679
1070,U/S VARANASI  (VISHWA SUNDARI BRIDGE),Uttar Pradesh,2026,1,1,9.142,8.29,2.198
1071,VARANASI D/S (MALVIYA BRIDGE),Uttar Pradesh,2026,1,1,7.723,7.959,3.299
1073,TARIGHAT (GHAZIPUR),Uttar Pradesh,2026,1,1,7.439,7.938,3.512
1074,"BUXAR, CHAUSA KARMNASA ",Bihar,2026,1,1,7.909,7.837,1.497
1077,"KURJI AT DIGHA GHAT, U/S PATNA",Bihar,2026,1,1,7.419,7.556,1.612
1079,PATNA D/S (GANGA BRIDGE),Bihar,2026,1,1,7.485,7.604,1.824
1080,BEHARAMPORE,West Bengal,2026,1,1,8.29,7.337,1.491
1145,NARORA (BULANDSAHAR),Uttar Pradesh,2026,1,1,8.991,7.132,1.405
1146,BITHOOR (KANPUR),Uttar Pradesh,2026,1,1,9.775,8.348,3.293
1147,DALMAU (RAI BAREILLY),Uttar Pradesh,2026,1,1,9.061,8.07,2.242
1335,PATIKALI ,West Bengal,2026,1,1,7.537,8.092,1.883
1469,DIAMOND HARBOUR,West Bengal,2026,1,1,6.972,7.732,2.274
1470,GARDEN REACH,West Bengal,2026,1,1,7.22,7.694,2.415
1471,SHIVPUR (HOWRAH),West Bengal,2026,1,1,7.21,7.686,2.33
1472,SERAMPORE,West Bengal,2026,1,1,8.196,7.127,1.904
1815,MOKAMA D/S ,Bihar,2026,1,1,7.484,7.58,1.535
1816,KAHALGAON,Bihar,2026,1,1,8.328,7.59,1.582
1817,U/S MOKAMA,Bihar,2026,1,1,7.604,7.541,1.496
1818,MUNGER D/S,Bihar,2026,1,1,7.734,7.539,1.428
1819,BHAGALPUR,Bihar,2026,1,1,8.135,7.496,1.434
2485,"U/S, VINDHYACHAL (MIRZAPUR)",Uttar Pradesh,2026,1,1,9.023,8.274,2.424
2486,"D/S, MIRZAPUR",Uttar Pradesh,2026,1,1,7.862,8.006,3.581
2487,KADAGHAT (KAUSHAMBI),Uttar Pradesh,2026,1,1,9.187,8.3,2.511
2488,U/S ANOOPSHAHAR,Uttar Pradesh,2026,1,1,8.519,7.198,1.321
2489,ANOOPSHAHAR D/S,Uttar Pradesh,2026,1,1,8.783,7.161,1.369
2490,KACHHLA GHAT (ALIGARH),Uttar Pradesh,2026,1,1,9.849,7.739,1.126
2498,KALA KANKAR (PRATAPGARH),Uttar Pradesh,2026,1,1,9.153,8.133,2.231
2506,"TRIBENI, NEAR BURNING GHAT",West Bengal,2026,1,1,7.929,7.213,1.647
2511,"NABADIP,GHOSHPARA NEAR MONIPURGHAT",West Bengal,2026,1,1,8.523,7.093,1.85
2551,"BUXAR, RAMREKHAGHAT",Bihar,2026,1,1,7.765,7.745,1.529
2552,NIT GHANDHI GHAT ( PATNA),Bihar,2026,1,1,7.452,7.543,1.677
2553,"FATUHA, A/c OF RIVER PUNPUN",Bihar,2026,1,1,7.293,7.525,1.767
2554,SULTANGANJ (BHAGALPUR),Bihar,2026,1,1,7.675,7.571,1.558
2564,"BALUGHAT, DORIGANJ, SARAN",Bihar,2026,1,1,7.532,7.579,1.436
2725,"A/C SONG, D/S RAIWALA",Uttarakhand,2026,1,1,9.429,7.875,1.151
2727, ROORKEE D/S,Uttarakhand,2026,1,1,8.903,8.104,2.604
3113,BUXAR D/S,Bihar,2026,1,1,7.861,7.763,1.355
3114,"DANAPUR, NEAR PIPAPUL",Bihar,2026,1,1,7.638,7.622,1.721
3115,"BARH, NEAR UMANATH TEMPLE ",Bihar,2026,1,1,8.38,7.695,1.432
3116,U/S MUNGER,Bihar,2026,1,1,7.944,7.555,1.537
3117,U/S SULTANGANJ,Bihar,2026,1,1,8.511,7.519,1.518
3118,D/S BHAGALPUR,Bihar,2026,1,1,7.68,7.512,1.461
3122,MALSALAMI (PATNA),Bihar,2026,1,1,7.261,7.525,1.659
3123,BARAHIA,Bihar,2026,1,1,7.472,7.592,1.723
4297," BIDUPUR ROAD BRIDGE, PATNA",Bihar,2026,1,1,7.453,7.634,1.736
4301,BAKHYIYARPUR TAJPUR BRIDGE  PATNA,Bihar,2026,1,1,8.244,7.665,1.407
4398,"WATER INTAKE POINT, BHAGALPUR",Bihar,2026,1,1,7.672,7.565,1.515
5162,"FARAKKA,
MUSHIDABAD",West Bengal,2026,1,1,8.307,7.399,1.699
5707," NANDAUR NEAR HASTINAPUR
",Uttar Pradesh,2026,1,1,8.84,7.22,1.485
5708," TIGRI GANGA GHAT, AMROHA",Uttar Pradesh,2026,1,1,8.931,7.964,1.323
5709,"NANAMAU GANGA BRIDGE,KANPUR",Uttar Pradesh,2026,1,1,9.913,8.356,3.208
5710," PURANA RAJAPUR,
KANPUR",Uttar Pradesh,2026,1,1,9.438,8.274,3.606
5711," A/C PANDU RIVER, DEOMAI",Uttar Pradesh,2026,1,1,9.237,8.299,2.661
5712,"MATA GANGA BRIDGE ,
 FATEHPUR",Uttar Pradesh,2026,1,1,9.089,7.953,2.006
5713,"DHEEMI, PRATAPGARH",Uttar Pradesh,2026,1,1,9.086,8.08,2.134
5714," B/C TAMSA RIVER AT PRACHIN SHIVALAYA DUMDUMA
GHAT",Uttar Pradesh,2026,1,1,9.21,8.306,2.498
5715,"B/C GOMTI RIVER AT
BALUA GHAT BRIDGE, VARANASI",Uttar Pradesh,2026,1,1,8.054,8.065,3.316
5716,"U/S GHAZIPUR, ZAMANIA",Uttar Pradesh,2026,1,1,8.965,8.248,2.92
5717,"BALLIA D/S AT BEYASI
BALLIA BRIDGE",Uttar Pradesh,2026,1,1,8.731,8.184,3.175
5776,"SWARG ASHRAM ,RISHIKESH",Uttarakhand,2026,1,1,9.794,7.869,1.088
5777,"VISTHAPHIT COLONY, RISHIKESH",Uttarakhand,2026,1,1,10.005,7.798,0.988
5778,"BISHANPUR KUNDI, HARIDWAR",Uttarakhand,2026,1,1,9.121,8.088,2.219
10113,"U/S JAIL GHAT, BUXAR ",Bihar,2026,1,1,7.683,7.745,1.502
10114,DORIGANJ D/S (SARAN),Bihar,2026,1,1,7.393,7.522,1.383
10115,GULBI GHAT (PATNA),Bihar,2026,1,1,7.481,7.576,1.698
10122,"TRIVENI GHAT, B/c OF RIVER PUNPUN",Bihar,2026,1,1,7.432,7.58,1.657
10130, U/S OF M/S NTPC BARH,Bihar,2026,1,1,7.83,7.632,1.521
10131," D/S OF M/S NTPC BINDTOLA, BARH",Bihar,2026,1,1,7.715,7.67,1.528
10138,CHAMPANAGAR,Bihar,2026,1,1,7.257,7.526,1.916
10143, KAHALGAON D/S,Bihar,2026,1,1,8.033,7.675,1.769
10144,U/S NEAR LCT GHAT,Jharkhand,2026,1,1,6.869,7.574,1.59
10145,NEAR JANTA GHAT D/S,Jharkhand,2026,1,1,6.968,7.521,1.493
10146,SANGI DALAN,Jharkhand,2026,1,1,6.964,7.559,1.525
10147, RISHIKESH D/S,Uttarakhand,2026,1,1,10.047,7.81,0.976
10148,HARKI PAURI GHAT,Uttarakhand,2026,1,1,9.027,8.034,2.041
10149,"U/S BRIJGHAT, GARHMUKTESHWAR",Uttar Pradesh,2026,1,1,10.449,7.446,1.312
10150,MADHYA GANGA BARRAGE (BIJNOR),Uttar Pradesh,2026,1,1,9.413,7.814,1.15
10151,FARRUKHABAD,Uttar Pradesh,2026,1,1,9.766,8.355,2.673
10152,A/C GOMTI RIVER (BHUSAULA),Uttar Pradesh,2026,1,1,8.687,8.202,3.059
10153,CHUNAR,Uttar Pradesh,2026,1,1,8.281,8.074,3.258
10154,U/s SHUKLAGANJ ,Uttar Pradesh,2026,1,1,9.763,8.334,3.393
10155,SHUKLAGANJ D/S,Uttar Pradesh,2026,1,1,9.842,8.339,3.318
10156,BATHING GHAT (GOLA GHAT),Uttar Pradesh,2026,1,1,9.721,8.325,3.385
10157,BATHING GHAT (JAJMAU BRIDGE),Uttar Pradesh,2026,1,1,9.638,8.305,3.504
10158,A/C TAMAS RIVER (SIRSA),Uttar Pradesh,2026,1,1,9.138,8.29,2.453
10159,"KHAGRA, BEHARAMPORE",West Bengal,2026,1,1,8.55,7.113,1.675
10160,"GORABAZAR, BEHRAMPORE",West Bengal,2026,1,1,8.494,7.148,1.581
10161,"SHITALATALA, PALTA",West Bengal,2026,1,1,8.226,7.242,1.532
10162,"U/s DORIGANJ, CHAPRA",Bihar,2026,1,1,7.679,7.592,1.446
