Actual_DO,Actual_pH,Actual_BOD,Predicted_DO,Predicted_pH,Predicted_BOD,Actual_WQI,Predicted_WQI,Actual_Category,Predicted_Category
7.6,8.04,2.6,7.7281685,7.9916754,3.048346,77.94285714285715,76.10073,Good,Good
7.6,7.9,2.6,7.9765587,8.067939,2.8058858,78.54285714285714,78.470604,Good,Good
7.8,8.15,2.5,7.931286,8.004662,2.7729816,79.07142857142857,78.71285,Good,Good
7.9,8.11,2.6,8.202491,8.147682,2.7052507,79.14285714285714,79.86231,Good,Good
7.9,8.14,2.5,8.271492,8.148039,2.7144794,79.61428571428571,80.15041,Good,Good
8.0,8.16,2.6,8.317429,8.172151,2.64987,79.42857142857142,80.66443,Good,Good
8.0,8.13,2.6,8.413539,8.1953535,2.6683986,79.55714285714285,80.934364,Good,Good
8.2,8.14,2.6,8.413896,8.187662,2.6544948,80.5142857142857,81.052536,Good,Good
8.1,8.19,2.5,8.580863,8.208272,2.6277332,80.4,81.9596,Good,Good
8.8,8.26,2.5,8.550404,8.221438,2.598555,83.60000000000001,81.92595,Good,Good
8.7,8.22,2.6,9.151485,8.298741,2.508055,82.67142857142858,85.14306,Good,Good
8.9,8.24,2.6,9.041854,8.279425,2.5861838,83.58571428571429,84.208916,Good,Good
7.4,8.0,2.7,7.735689,8.047589,2.9952803,76.51428571428572,76.2171,Good,Good
7.6,8.11,2.7,7.787581,8.051612,2.885609,77.04285714285714,77.11735,Good,Good
7.6,8.14,2.6,7.9995956,8.121462,2.8563998,77.5142857142857,78.05332,Good,Good
7.7,8.07,2.7,8.042202,8.14814,2.7937374,77.71428571428571,78.52799,Good,Good
7.5,8.06,2.8,8.098842,8.137733,2.7929568,76.15714285714286,78.860466,Good,Good
7.4,8.09,2.8,7.876819,8.122934,2.8554168,75.52857142857142,77.43902,Good,Good
7.7,8.09,2.7,7.8067627,8.134907,2.8634248,77.62857142857143,76.98938,Good,Good
7.5,8.13,2.7,8.133685,8.169852,2.7429912,76.45714285714286,79.19683,Good,Good
7.8,8.16,2.7,7.965319,8.171646,2.7703378,77.82857142857142,78.18323,Good,Good
8.6,8.24,2.6,8.279908,8.212803,2.7124085,82.08571428571429,79.92736,Good,Good
8.5,8.19,2.7,9.12014,8.315586,2.5380924,81.2,84.733925,Good,Good
8.8,8.18,2.6,8.981882,8.286657,2.6309688,83.34285714285716,83.60935,Good,Good
5.2,7.41,2.8,6.4051,7.3674474,2.498823,67.44285714285714,75.457794,Medium,Good
5.3,7.47,2.7,6.346254,7.491535,2.5943394,68.28571428571429,74.058655,Medium,Good
5.1,7.18,2.7,6.3654547,7.5254235,2.5468194,68.52857142857142,74.29455,Medium,Good
5.2,7.42,2.9,6.268709,7.5001388,2.650492,66.80000000000001,73.29714,Medium,Good
5.3,7.24,2.8,6.287893,7.562873,2.6514928,68.67142857142856,73.1182,Medium,Good
5.1,7.0,2.8,6.287235,7.526477,2.6827486,68.7,73.08336,Medium,Good
5.8,7.34,2.8,6.2529106,7.4876714,2.7363415,70.74285714285715,72.75649,Good,Good
5.7,7.72,2.9,6.4269767,7.5451736,2.6716712,68.0142857142857,73.7684,Medium,Good
5.2,7.16,2.3,6.476113,7.715536,2.6162362,71.5142857142857,73.61656,Good,Good
6.5,7.22,2.5,6.39155,7.6848016,2.4543216,76.55714285714285,74.29696,Good,Good
7.0,7.56,2.7,6.954148,7.697218,2.2340581,76.39999999999999,78.37831,Good,Good
7.5,7.57,2.7,7.029411,7.7196875,2.403879,78.85714285714285,77.63941,Good,Good
5.2,7.16,2.6,6.1055803,7.582842,2.7568276,69.71428571428571,71.489044,Medium,Good
5.1,7.18,2.7,6.094022,7.50589,2.6451414,68.52857142857142,72.43116,Medium,Good
5.2,7.67,2.7,6.0693417,7.512396,2.6898727,66.92857142857143,72.01149,Medium,Good
5.3,7.36,2.8,6.1959543,7.6330214,2.5726576,68.15714285714286,72.83089,Medium,Good
5.1,7.1,2.6,6.1101375,7.583698,2.702684,69.47142857142856,71.83302,Medium,Good
5.2,7.35,2.8,6.0907063,7.581066,2.83958,67.7,70.925766,Medium,Good
5.2,7.37,2.8,6.0898247,7.7501373,3.0416994,67.61428571428571,68.984055,Medium,Medium
5.4,7.64,2.7,6.0955772,7.7478576,3.0243537,68.05714285714285,69.12666,Medium,Medium
6.2,7.19,2.6,6.377319,7.7694225,2.6398432,74.58571428571429,72.75001,Good,Good
5.5,7.44,2.5,6.67262,7.7314615,2.4943314,70.61428571428571,75.262276,Good,Good
7.9,7.32,2.4,6.4691634,7.709096,2.481042,83.72857142857143,74.420586,Good,Good
8.1,7.55,2.6,7.813983,7.589582,1.7910433,82.54285714285714,85.796875,Good,Good
6.6,7.29,2.5,7.1025834,7.1983705,2.44745,76.75714285714285,79.978065,Good,Good
5.9,7.2,2.8,7.2935553,7.2968173,2.3765137,71.84285714285714,80.93663,Good,Good
5.1,7.3,2.5,6.8437424,7.2574105,2.5496218,69.21428571428572,77.8178,Medium,Good
5.8,6.67,1.8,6.442683,7.390251,2.5084069,76.78571428571428,75.49047,Good,Good
5.3,6.97,2.8,7.2760262,7.194774,1.8812987,69.57142857142857,84.2576,Medium,Good
7.4,6.99,2.8,6.631716,7.297335,2.5355003,80.15714285714286,76.67129,Good,Good
6.5,7.11,2.7,7.946272,7.170321,1.9217014,75.82857142857142,87.47121,Good,Good
7.4,7.3,2.7,7.3181014,7.2550397,2.1859868,79.51428571428572,82.38156,Good,Good
7.5,7.11,2.8,7.622341,7.3282275,2.066893,80.22857142857143,84.30366,Good,Good
7.4,7.21,1.9,7.830202,7.211738,1.97127,84.69999999999999,86.41595,Good,Good
8.0,7.11,2.7,7.9959893,7.242787,1.636322,83.32857142857142,89.1215,Good,Good
7.8,7.04,2.7,8.338365,7.095109,1.7960641,82.62857142857142,90.507835,Good,Excellent
8.0,7.4,1.2,7.468013,7.45228,1.3612397,91.08571428571427,87.23429,Excellent,Good
7.6,7.4,1.3,7.6078176,7.406044,1.3296204,88.48571428571428,88.32118,Good,Good
7.0,6.7,1.1,7.4702764,7.4125543,1.3766063,87.11428571428571,87.32366,Good,Good
7.1,7.5,1.4,7.4184966,7.2697906,1.3668361,84.95714285714286,87.73523,Good,Good
7.1,6.7,1.1,7.2959533,7.4605827,1.4284214,87.61428571428573,85.93532,Good,Good
7.2,6.7,1.1,7.4506125,7.278155,1.3371392,88.11428571428573,88.03814,Good,Good
7.1,6.7,1.1,7.4943748,7.271907,1.3227521,87.61428571428573,88.370056,Good,Good
7.3,7.5,1.3,7.468785,7.2771387,1.3337181,86.55714285714286,88.153885,Good,Good
7.2,7.5,1.2,7.3981194,7.4408965,1.389767,86.65714285714286,86.76244,Good,Good
6.1,7.3,1.2,7.354535,7.4443502,1.3738706,82.01428571428572,86.62509,Good,Good
6.3,7.4,1.2,6.9371567,7.4514537,1.5121293,82.58571428571427,83.678215,Good,Good
6.5,7.5,1.2,7.026731,7.476992,1.4673294,83.15714285714286,84.28542,Good,Good
10.4,8.15,1.0,9.883788,7.859452,1.0770515,100.0,99.27327,Excellent,Excellent
10.4,8.02,1.0,9.844534,7.863276,1.0826603,100.0,99.02695,Excellent,Excellent
10.4,8.11,1.0,9.860835,7.8412414,1.0831952,100.0,99.19969,Excellent,Excellent
10.4,8.1,1.0,9.847025,7.856503,1.0831839,100.0,99.06529,Excellent,Excellent
10.4,8.02,1.0,9.851693,7.8545365,1.0812494,100.0,99.10867,Excellent,Excellent
10.5,8.14,1.0,9.877908,7.839673,1.0731417,100.0,99.35209,Excellent,Excellent
10.3,8.11,1.0,9.892908,7.8571672,1.0708004,100.0,99.366165,Excellent,Excellent
10.5,8.24,1.0,9.814013,7.8602223,1.0847331,100.0,98.875,Excellent,Excellent
10.5,8.16,1.0,9.860341,7.875099,1.0785146,100.0,99.0802,Excellent,Excellent
10.5,8.16,1.0,9.870909,7.861491,1.0783067,100.0,99.192604,Excellent,Excellent
10.3,8.14,1.0,9.859667,7.8621483,1.0834316,100.0,99.10283,Excellent,Excellent
10.3,8.1,1.0,9.77559,7.86733,1.1004328,100.0,98.558235,Excellent,Excellent
8.1,7.4,2.8,8.28503,7.9504714,1.9472222,81.98571428571428,85.668365,Good,Good
9.0,7.5,2.8,7.65883,7.7062793,2.3196695,86.05714285714286,81.34923,Good,Good
8.5,8.2,2.6,8.06874,7.8537087,2.5365782,81.75714285714287,81.465485,Good,Good
8.4,8.2,2.8,8.183488,8.020197,2.529265,80.05714285714286,81.36958,Good,Good
9.2,8.1,2.6,8.106517,8.050545,2.6489434,85.68571428571428,80.13659,Good,Good
9.4,8.2,2.6,8.677139,8.119424,2.5062265,86.25714285714287,83.550804,Good,Good
9.6,7.6,2.2,8.815391,8.143621,2.489801,92.22857142857143,84.236916,Excellent,Good
9.8,8.1,2.8,8.998884,7.859339,2.204158,87.4857142857143,88.08659,Good,Good
9.8,8.2,2.0,9.14897,8.102909,2.582799,91.85714285714286,85.5213,Excellent,Good
9.8,8.4,2.6,9.127039,8.037353,2.0736725,87.4,88.74737,Good,Good
9.8,8.4,2.0,9.169366,8.09985,2.4771752,91.0,86.270134,Excellent,Good
9.8,8.2,2.2,9.129448,8.063195,2.2277474,90.65714285714286,87.724205,Excellent,Good
8.3,7.59,2.6,9.270046,7.372753,2.296618,83.37142857142857,90.97301,Good,Excellent
8.2,7.54,2.7,8.909809,7.450278,2.5053914,82.48571428571428,87.58694,Good,Good
8.7,7.6,2.8,8.789002,7.3976555,2.5130303,84.12857142857143,87.1626,Good,Good
9.0,7.56,2.5,9.002745,7.3957515,2.536921,87.6,88.09612,Good,Good
9.6,7.6,2.4,9.231013,7.3239384,2.2511308,91.02857142857142,91.25998,Excellent,Excellent
9.7,7.6,2.2,9.774978,7.3166637,2.0593076,92.72857142857143,95.16192,Excellent,Excellent
10.1,7.55,2.1,9.862865,7.332533,1.8883301,95.54285714285714,96.55921,Excellent,Excellent
10.2,7.58,2.0,10.215923,7.317447,1.7454827,96.5142857142857,99.24624,Excellent,Excellent
10.2,7.6,1.8,10.308216,7.3592873,1.6771295,97.62857142857143,99.93851,Excellent,Excellent
10.2,7.6,1.9,10.269226,7.413278,1.5766342,97.02857142857142,100.0,Excellent,Excellent
10.4,7.5,1.7,10.278173,7.41679,1.6279428,99.65714285714286,99.836975,Excellent,Excellent
10.4,7.6,1.6,10.365862,7.3772984,1.5280819,99.82857142857142,100.0,Excellent,Excellent
8.3,8.46,3.2,7.649237,8.267938,3.5079837,76.04285714285714,71.76427,Good,Good
8.1,8.45,3.6,8.247953,8.246123,3.2336261,72.6857142857143,76.49749,Good,Good
7.2,8.41,3.9,7.876977,8.258366,3.640985,66.55714285714285,72.14598,Medium,Good
6.6,8.31,4.3,7.2469473,8.227194,3.8613482,61.58571428571429,67.80724,Medium,Medium
6.8,8.35,4.0,6.779554,8.138639,4.0992975,64.21428571428572,64.422104,Medium,Medium
7.1,8.37,3.8,6.9089723,8.160645,4.005519,66.82857142857144,65.53756,Medium,Medium
7.2,8.45,3.7,7.1590967,8.19707,3.9227462,67.58571428571429,67.12871,Medium,Medium
7.5,8.53,3.5,7.374002,8.266762,3.8811643,69.94285714285715,68.154045,Medium,Medium
7.7,8.4,3.2,7.7740064,8.339842,3.7498403,73.3,70.628815,Good,Good
8.6,8.38,3.0,7.986157,8.281129,3.354423,79.08571428571429,74.31369,Good,Good
9.1,8.44,2.8,9.002375,8.339166,3.1472454,82.52857142857142,80.38913,Good,Good
10.4,8.31,2.6,9.450832,8.377338,2.9984574,90.78571428571428,83.36054,Excellent,Good
8.2,8.48,3.4,7.544296,8.251358,3.625739,74.25714285714285,70.60408,Good,Good
8.0,8.43,3.7,8.028198,8.2595825,3.5040054,71.67142857142858,73.71875,Good,Good
7.1,8.36,4.1,7.7441735,8.238186,3.7753315,65.07142857142858,70.762375,Medium,Good
6.5,8.26,4.4,7.068443,8.178624,4.021572,60.69999999999999,66.16154,Medium,Medium
6.6,8.3,4.2,6.6656737,8.091499,4.1599813,62.22857142857142,63.690628,Medium,Medium
6.9,8.32,3.9,6.719268,8.108471,4.125503,65.44285714285714,64.092735,Medium,Medium
7.0,8.41,3.8,6.946744,8.148623,3.981329,66.15714285714286,65.92308,Medium,Medium
7.3,8.45,3.6,7.182889,8.232799,3.9594064,68.6857142857143,66.87459,Medium,Medium
7.4,8.38,3.4,7.550454,8.2878895,3.8039901,70.68571428571428,69.4088,Good,Medium
8.5,8.36,3.2,7.628911,8.253335,3.5642786,77.47142857142858,71.38745,Good,Good
8.8,8.4,3.0,8.913075,8.330655,3.3746848,80.0,78.61446,Good,Good
10.3,8.23,2.8,9.269844,8.359819,3.1889234,89.42857142857143,81.387886,Good,Good
8.0,8.4,3.6,7.4939914,8.24825,3.802291,72.4,69.30657,Good,Medium
7.9,8.39,3.7,7.7808642,8.218841,3.614654,71.34285714285714,71.9928,Good,Good
7.0,8.36,4.1,7.6853976,8.21798,3.7249842,64.57142857142858,70.85716,Medium,Good
6.5,8.32,4.1,7.0315456,8.178935,4.0085993,62.24285714285714,66.05355,Medium,Medium
6.7,8.2,4.3,6.770754,8.132693,4.0220537,62.557142857142864,64.86705,Medium,Medium
6.9,8.41,4.0,6.703164,8.067416,4.162821,64.45714285714286,63.964252,Medium,Medium
7.1,8.42,3.8,7.0280466,8.207679,4.1049023,66.61428571428571,65.33505,Medium,Medium
6.9,8.44,3.6,7.241214,8.2358465,3.9837503,66.72857142857143,67.00708,Medium,Medium
7.3,8.42,3.5,7.132348,8.231021,3.806163,69.41428571428571,67.54896,Medium,Medium
8.4,8.4,3.3,7.516844,8.263252,3.6916115,76.2,70.020615,Good,Good
8.8,8.4,3.0,8.782432,8.34234,3.5180228,80.0,77.05113,Good,Good
10.2,8.3,2.8,9.275066,8.365681,3.223618,88.62857142857142,81.18071,Good,Good
7.8,8.26,4.1,7.0427103,8.080091,4.042806,69.0,66.32776,Medium,Medium
7.5,8.31,4.4,7.445136,8.102943,4.072763,65.48571428571428,68.0622,Medium,Medium
6.5,8.3,4.0,7.1840296,8.131347,4.2714996,62.92857142857142,65.44252,Medium,Medium
6.1,8.26,4.6,6.7031364,8.078906,3.991131,57.49999999999999,64.945015,Medium,Medium
6.3,8.2,4.6,6.48612,8.041274,4.28216,58.75714285714286,62.275036,Medium,Medium
6.7,8.38,4.3,6.468439,8.01056,4.325181,61.785714285714285,62.060146,Medium,Medium
6.9,8.35,4.1,6.836478,8.160637,4.3289547,64.11428571428571,63.23451,Medium,Medium
6.8,8.34,4.2,6.967266,8.162372,4.1739817,63.05714285714285,64.810844,Medium,Medium
6.9,8.33,4.0,6.8984394,8.154638,4.22953,64.8,64.166565,Medium,Medium
7.9,8.34,3.6,6.978594,8.1538,4.0715814,72.15714285714286,65.51862,Good,Medium
8.1,8.26,3.4,8.158551,8.277331,3.7960837,74.69999999999999,72.541985,Good,Good
9.6,8.17,3.3,8.364334,8.24251,3.586879,83.1857142857143,74.97536,Good,Good
8.5,8.3,2.3,8.282555,8.185209,2.6392343,83.12857142857142,80.49791,Good,Good
7.5,7.94,2.6,8.936899,8.289264,2.4603026,77.87142857142857,84.39726,Good,Good
7.4,7.96,2.7,7.9740453,8.097907,2.6713052,76.68571428571428,79.137085,Good,Good
7.2,7.82,2.8,7.8644676,8.092161,2.7293348,75.68571428571428,78.26564,Good,Good
7.8,7.97,2.6,7.5464664,8.010954,2.8357065,79.24285714285713,76.38544,Good,Good
7.5,7.95,2.5,8.239024,8.124676,2.632153,78.42857142857143,80.58217,Good,Good
7.8,8.15,2.4,7.955495,8.083475,2.635633,79.67142857142856,79.32021,Good,Good
8.0,8.2,2.3,8.315326,8.193136,2.5496616,81.05714285714286,81.16522,Good,Good
8.0,8.14,2.5,8.514063,8.229662,2.4695399,80.11428571428571,82.4831,Good,Good
8.5,8.24,2.3,8.459533,8.200338,2.5488968,83.38571428571429,81.85998,Good,Good
8.7,8.26,2.2,8.991497,8.286805,2.3670828,84.89999999999999,85.240105,Good,Good
8.7,8.25,2.1,9.144756,8.298574,2.2727315,85.54285714285714,86.52207,Good,Good
7.5,7.86,3.2,6.663372,7.7989697,3.7899616,74.61428571428571,67.15293,Good,Medium
7.0,7.89,3.7,7.4772058,7.869966,3.4157019,68.98571428571428,73.16339,Medium,Good
7.0,7.82,3.4,6.8810673,7.853759,3.6697707,71.08571428571427,68.727745,Good,Medium
6.8,7.75,3.5,6.898317,7.8278346,3.536967,69.78571428571429,69.721924,Medium,Medium
7.0,7.86,3.5,6.70553,7.8019757,3.5826702,70.31428571428572,68.59459,Good,Medium
6.7,7.78,3.4,6.919869,7.8363333,3.517181,69.75714285714285,69.91197,Medium,Medium
7.0,7.92,3.3,6.6689715,7.7969565,3.470657,71.25714285714287,69.10539,Good,Medium
7.3,7.98,3.4,6.998609,7.873113,3.391369,71.89999999999999,70.90292,Good,Good
7.1,8.02,3.5,7.3219633,7.931718,3.4020863,70.12857142857143,72.20422,Good,Good
7.7,8.08,3.4,7.113524,7.9452605,3.4647207,73.47142857142856,70.72819,Good,Good
7.8,7.96,3.5,7.7649617,8.033815,3.3781986,73.88571428571429,74.124985,Good,Good
7.7,7.94,3.2,7.772652,7.970323,3.4858632,75.27142857142857,73.78956,Good,Good
7.3,7.82,3.4,6.4924583,7.7201314,3.8436358,72.58571428571427,66.3142,Good,Medium
6.8,7.8,3.8,7.198307,7.807584,3.533226,67.77142857142857,71.33111,Medium,Good
7.0,7.78,3.5,6.7074623,7.7798676,3.7233067,70.65714285714286,67.85519,Good,Medium
6.6,7.72,3.7,6.902426,7.7808967,3.553018,67.71428571428571,69.84732,Medium,Medium
7.2,7.82,3.3,6.5794134,7.7572675,3.612245,72.68571428571428,67.978165,Good,Medium
7.0,7.93,3.5,7.167112,7.822529,3.3931336,70.01428571428572,71.95164,Good,Good
7.2,7.88,3.4,6.963052,7.8641853,3.491322,71.82857142857142,70.16368,Good,Good
7.4,7.95,3.3,7.1571407,7.86173,3.4316628,73.12857142857143,71.5026,Good,Good
7.0,7.95,3.6,7.4136825,7.915373,3.3563251,69.32857142857144,73.00743,Medium,Good
7.5,8.22,3.5,6.920231,7.8867745,3.547266,71.27142857142857,69.5171,Good,Medium
7.4,7.93,3.6,7.747249,8.13079,3.4372683,71.41428571428573,73.2664,Good,Good
7.4,7.9,3.5,7.450719,7.9510336,3.5561047,72.14285714285714,71.84111,Good,Good
7.7,7.37,1.0,8.303738,7.656571,1.8142754,90.91428571428571,87.81916,Excellent,Good
7.9,7.66,1.4,7.27765,7.627824,1.9054487,88.27142857142857,82.264885,Good,Good
8.0,7.65,1.5,7.6388316,7.649956,1.8430684,88.21428571428571,84.35023,Good,Good
7.4,7.57,1.7,7.737117,7.6437445,1.8300815,84.35714285714285,84.9462,Good,Good
7.6,7.56,1.4,7.3806715,7.650587,1.9076028,87.19999999999999,82.66951,Good,Good
7.4,7.66,2.8,7.3682175,7.659932,1.8075044,77.37142857142858,83.167786,Good,Good
7.1,7.83,1.9,7.328327,7.5503073,2.0004783,80.54285714285713,82.280304,Good,Good
8.2,7.6,2.2,7.3022504,7.600856,1.7472076,85.22857142857143,83.45291,Good,Good
8.5,8.04,1.5,7.579829,7.5952725,1.8266741,89.04285714285714,84.38793,Good,Good
8.4,7.72,2.5,7.871599,7.6966677,1.5756748,83.91428571428571,86.918236,Good,Good
7.3,7.76,1.8,7.5765843,7.5892787,1.8653734,82.44285714285714,84.16521,Good,Good
8.1,8.2,1.0,7.3941298,7.6372275,1.8241112,89.35714285714286,83.29501,Good,Good
7.3,7.5,1.1,7.716293,7.7300434,1.623914,87.75714285714287,85.70922,Good,Good
7.4,7.78,1.4,7.2703314,7.6860614,1.7005767,85.25714285714285,83.20794,Good,Good
7.7,7.62,1.0,7.271116,7.694869,1.72458,89.84285714285714,83.03009,Good,Good
8.0,7.45,1.5,7.4045877,7.696,1.6067203,89.07142857142857,84.399765,Good,Good
7.7,7.81,1.2,7.6996846,7.6865826,1.7105049,87.82857142857142,85.2929,Good,Good
8.3,7.33,1.4,7.411194,7.6938615,1.5928646,91.68571428571428,84.525085,Excellent,Good
7.3,7.58,1.6,7.660847,7.576346,1.6072676,84.41428571428571,86.190575,Good,Good
7.3,7.58,1.6,7.2825155,7.591079,1.6605656,84.41428571428571,83.91599,Good,Good
7.2,7.52,1.4,7.293278,7.560033,1.5998232,85.37142857142857,84.467316,Good,Good
8.0,8.0,1.2,7.1882296,7.5266685,1.4872026,88.51428571428572,84.76079,Good,Good
8.2,8.1,1.6,7.494823,7.655707,1.4025688,86.68571428571428,86.248535,Good,Good
8.0,7.51,1.8,7.554742,7.676339,1.45017,87.01428571428572,86.174095,Good,Good
7.7,7.72,1.7,7.145716,7.7592945,1.7738748,85.21428571428571,81.831215,Good,Good
7.0,7.68,1.5,7.5726504,7.6921062,1.8055314,83.08571428571429,84.06389,Good,Good
7.9,7.71,1.7,7.001851,7.7139454,1.898215,86.25714285714285,80.5602,Good,Good
7.5,7.79,1.1,7.5813794,7.6976223,1.7311351,87.5142857142857,84.53028,Good,Good
7.2,7.92,2.8,7.227943,7.7483306,1.7114854,75.25714285714285,82.66367,Good,Good
7.7,7.53,1.4,7.140935,7.6428695,1.9527149,87.82857142857142,81.23323,Good,Good
7.6,7.56,1.4,7.5053596,7.658621,1.7426872,87.19999999999999,84.24802,Good,Good
7.6,7.56,1.4,7.405349,7.6190147,1.6607213,87.19999999999999,84.4095,Good,Good
7.0,7.81,1.2,7.381977,7.5685744,1.567649,84.32857142857142,85.067245,Good,Good
7.5,7.84,1.3,6.953149,7.661667,1.6114478,86.1,82.261345,Good,Good
8.2,8.06,2.2,7.234001,7.6178336,1.508845,83.25714285714285,84.469086,Good,Good
7.7,7.31,2.1,7.422829,7.6509585,1.5457337,84.57142857142858,85.04993,Good,Good
6.2,7.2,2.0,6.9353256,7.4976373,2.1660256,78.14285714285714,79.547745,Good,Good
7.3,7.17,2.0,6.7001925,7.4419847,2.0461283,83.77142857142857,79.32997,Good,Good
5.3,7.62,2.5,7.824908,7.262838,1.7189178,68.84285714285714,87.684586,Medium,Good
7.1,6.98,1.8,6.4926662,7.454356,2.235965,84.61428571428571,77.1003,Good,Good
7.4,6.91,2.0,7.6947465,7.308702,1.5116243,84.61428571428571,88.08098,Good,Good
7.3,7.06,2.8,7.787244,7.319028,1.5155904,79.44285714285714,88.47542,Good,Good
7.5,7.14,2.2,7.4874787,7.292764,1.9446048,83.7,84.51506,Good,Good
7.3,7.17,2.2,7.818601,7.3467317,1.6207166,82.57142857142857,87.88272,Good,Good
7.8,7.23,2.2,7.741559,7.3430967,1.6904273,84.8142857142857,87.09482,Good,Good
7.3,7.11,2.4,7.979777,7.395793,1.6043131,81.62857142857142,88.57675,Good,Good
8.0,7.11,2.7,7.7433653,7.347443,1.757519,83.32857142857142,86.68267,Good,Good
8.2,7.09,2.2,8.095952,7.3020463,1.761409,87.41428571428571,88.61683,Good,Good
7.7,7.12,2.3,8.390685,7.1129184,1.9856687,84.1857142857143,89.55548,Good,Good
8.2,7.28,2.2,8.504481,7.104356,1.9296012,86.6,90.49756,Good,Excellent
8.6,7.25,1.7,8.863937,7.155114,1.8300639,91.72857142857143,92.67453,Excellent,Excellent
8.4,7.22,1.3,8.934902,7.13412,1.5711778,93.25714285714285,94.67265,Excellent,Excellent
8.7,7.19,1.2,8.775658,7.1503377,1.4756342,95.48571428571428,94.38018,Excellent,Excellent
8.6,7.11,1.2,8.815498,7.1444507,1.4097106,95.32857142857142,95.00015,Excellent,Excellent
8.9,7.13,1.1,8.761435,7.126387,1.4130564,97.34285714285713,94.78717,Excellent,Excellent
9.0,7.25,1.1,8.811594,7.13148,1.3634051,97.32857142857142,95.31406,Excellent,Excellent
9.4,7.19,1.0,8.859605,7.167509,1.3283288,100.0,95.61016,Excellent,Excellent
9.2,7.24,1.2,9.01598,7.163322,1.287107,97.77142857142856,96.65731,Excellent,Excellent
9.1,7.21,1.2,8.970902,7.169501,1.316953,97.39999999999999,96.226364,Excellent,Excellent
9.3,7.15,1.5,8.910189,7.164678,1.3288072,96.85714285714286,95.872345,Excellent,Excellent
8.2,8.44,3.4,7.625169,8.265431,3.6866722,74.42857142857142,70.582535,Good,Good
8.0,8.42,3.7,7.9975414,8.229024,3.4396496,71.71428571428571,74.082565,Good,Good
7.0,8.39,4.1,7.722063,8.229639,3.7373667,64.44285714285715,70.91624,Medium,Good
6.5,8.32,4.2,7.036886,8.184376,4.016015,61.64285714285714,66.01244,Medium,Medium
6.8,8.28,4.2,6.7479706,8.127461,4.081819,63.31428571428572,64.41696,Medium,Medium
7.0,8.42,3.8,6.8009243,8.110855,4.1406484,66.11428571428571,64.399925,Medium,Medium
7.2,8.41,3.7,7.121167,8.216704,3.9517603,67.75714285714285,66.680824,Medium,Medium
7.0,8.45,3.5,7.3118806,8.234467,3.8799167,67.78571428571429,67.98933,Medium,Medium
7.4,8.43,3.4,7.2389607,8.247187,3.7229795,70.47142857142858,68.51185,Good,Medium
8.5,8.4,3.2,7.6402216,8.276332,3.598116,77.3,71.14242,Good,Good
8.9,8.45,2.9,8.880169,8.343258,3.4021997,80.8857142857143,78.230835,Good,Good
10.1,8.3,2.9,9.35725,8.383446,3.1277683,87.52857142857141,82.09059,Good,Good
7.5,7.95,3.4,7.516645,8.117021,3.427898,73.02857142857142,72.22861,Good,Good
7.8,7.91,3.2,7.6717567,7.9964037,3.3422685,75.89999999999999,74.034874,Good,Good
8.3,7.94,3.0,7.951344,8.015717,3.292271,79.47142857142858,75.650024,Good,Good
7.8,8.05,3.5,8.442214,8.063837,3.115888,73.5,78.95644,Good,Good
8.1,7.95,3.2,7.8374186,8.027809,3.4831543,77.22857142857143,73.88328,Good,Good
8.2,8.02,3.2,8.129557,7.9978256,3.3278325,77.42857142857143,76.404396,Good,Good
8.2,7.98,2.5,8.212597,8.027345,3.3204198,81.8,76.737564,Good,Good
8.2,8.07,2.7,8.473479,8.055527,2.8000667,80.21428571428571,81.04331,Good,Good
8.5,8.1,2.5,8.440267,8.0963125,2.8948069,82.78571428571429,80.13401,Good,Good
9.0,8.04,2.2,8.749309,8.153586,2.7268457,87.34285714285714,82.44153,Good,Good
9.3,8.1,2.4,8.996756,8.141304,2.4391112,87.38571428571429,85.45781,Good,Good
9.8,8.01,2.1,9.161988,8.188298,2.5572834,92.07142857142858,85.37354,Excellent,Good
5.9,7.91,1.8,6.6757135,7.959611,2.0907772,74.8,76.72129,Good,Good
6.2,7.57,1.2,6.5767612,7.9480243,2.253104,81.35714285714285,75.30223,Good,Good
5.5,7.58,2.3,6.589552,7.830206,2.0502148,71.21428571428571,77.088455,Good,Good
5.8,7.62,1.7,6.281233,7.858802,2.5244634,76.14285714285714,72.578804,Good,Good
5.7,7.61,2.5,6.463417,7.8710384,2.3015685,70.88571428571429,74.77466,Good,Good
5.9,7.86,1.7,6.332906,7.8720193,2.601813,75.61428571428571,72.31643,Good,Good
5.0,7.49,1.6,6.617235,7.944152,2.2645955,73.3,75.45224,Good,Good
6.0,8.03,2.9,6.324209,7.887276,2.426725,68.18571428571428,73.25809,Medium,Good
6.6,7.68,1.4,6.6681533,7.9923267,2.5339441,81.68571428571428,73.88428,Good,Good
7.3,7.9,1.7,6.939131,7.882902,1.9792687,82.44285714285714,79.03618,Good,Good
6.0,7.89,2.0,7.485684,7.940577,1.8466547,74.18571428571428,82.31745,Good,Good
6.7,8.1,1.7,6.728572,7.937907,2.2156086,78.58571428571429,76.329605,Good,Good
5.7,7.4,2.8,6.2763166,7.5531473,2.4276526,69.98571428571428,74.44504,Medium,Good
5.5,7.45,2.9,6.3245583,7.610028,2.544155,68.17142857142858,73.743454,Medium,Good
5.6,7.61,2.6,6.252927,7.6508937,2.6363227,69.78571428571428,72.65716,Medium,Good
5.4,7.27,2.6,6.357812,7.678622,2.5168262,70.24285714285713,73.779724,Good,Good
5.1,7.15,2.7,6.315303,7.686191,2.613578,68.65714285714286,72.95422,Medium,Good
5.1,7.31,2.8,6.230704,7.6574974,2.7320645,67.37142857142857,71.94328,Medium,Good
5.1,7.14,2.3,6.266605,7.672629,2.7068303,71.10000000000001,72.20935,Good,Good
6.0,7.6,2.6,6.316046,7.6430244,2.4851806,71.82857142857142,73.91333,Good,Good
6.1,7.36,2.0,6.6477704,7.690766,2.4203148,76.95714285714286,75.75654,Good,Good
6.3,7.11,2.0,6.798484,7.64096,2.0613532,79.02857142857142,78.877335,Good,Good
6.0,7.09,2.3,6.9416666,7.6361194,1.9497197,75.81428571428572,80.28379,Good,Good
6.7,7.66,2.5,6.7035146,7.6618767,2.1990707,75.67142857142858,77.48654,Good,Good
5.1,7.14,2.8,6.1699,7.61497,2.8688154,68.10000000000001,71.00102,Medium,Good
5.1,7.44,2.8,5.982689,7.613173,2.9174933,66.81428571428572,69.78061,Medium,Medium
5.5,7.24,2.7,6.01917,7.749843,2.9655454,70.27142857142857,69.08897,Good,Medium
5.4,7.64,2.8,6.0692587,7.6944,3.0844436,67.45714285714286,68.86363,Medium,Medium
5.2,7.21,2.8,6.2299833,7.7722225,2.8453763,68.3,70.768135,Medium,Good
6.1,7.12,2.9,6.029521,7.707614,3.1350315,72.58571428571429,68.30479,Good,Medium
6.2,7.29,2.7,6.2312574,7.6850095,3.2457151,73.55714285714285,68.74624,Good,Medium
5.3,7.71,2.8,6.3967075,7.6704645,2.9895387,66.65714285714286,71.17289,Medium,Good
5.4,7.14,2.8,6.3287334,7.72295,2.7017784,69.60000000000001,72.33464,Medium,Good
6.8,7.12,2.8,6.3885884,7.6970434,2.7482438,76.68571428571428,72.46615,Good,Good
7.6,7.46,2.9,7.1279116,7.7215304,2.28148,78.62857142857143,78.858406,Good,Good
7.5,7.69,2.6,7.379733,7.595161,2.4351811,78.94285714285715,79.73689,Good,Good
5.4,7.08,2.5,6.161554,7.522928,2.7620487,71.65714285714286,71.994354,Good,Good
5.2,7.21,2.7,6.0960913,7.532308,2.7843766,68.89999999999999,71.49288,Medium,Good
5.3,7.12,2.7,6.020582,7.6001277,2.9024935,69.78571428571429,70.115974,Medium,Good
5.5,7.3,2.8,5.9994493,7.652282,3.1031945,69.41428571428571,68.58259,Medium,Medium
5.2,7.13,2.7,6.1235976,7.6807947,3.0358872,69.24285714285713,69.48497,Medium,Medium
5.7,7.11,2.8,6.0142393,7.6330547,3.0611153,71.22857142857143,68.99142,Good,Medium
5.3,7.33,2.9,6.1070614,7.6254764,3.1426806,67.68571428571428,68.99861,Medium,Medium
5.5,7.79,2.8,6.1049023,7.6571198,3.0433922,67.31428571428572,69.44793,Medium,Medium
5.8,7.01,2.7,6.4459376,7.7099233,2.5979633,72.75714285714285,73.59938,Good,Good
7.0,7.06,2.7,6.6497006,7.7117085,2.4672956,78.54285714285713,75.394554,Good,Good
7.7,7.41,2.8,7.403511,7.740428,2.009039,79.94285714285714,81.790054,Good,Good
7.4,7.67,2.5,7.556074,7.64157,2.2304666,79.12857142857143,81.647995,Good,Good
5.2,7.29,2.7,7.9717636,7.17577,1.8925493,68.55714285714285,87.75023,Medium,Good
5.6,7.13,2.8,6.585354,7.3116927,2.473454,70.64285714285714,76.75022,Good,Good
5.4,7.22,2.5,6.707542,7.267195,2.5269914,71.05714285714285,77.230644,Good,Good
6.1,6.89,1.7,6.5784903,7.3319006,2.4397664,79.82857142857142,76.83143,Good,Good
5.4,7.21,2.8,7.324003,7.193222,1.807259,69.3,84.94837,Medium,Good
7.3,7.29,2.9,6.5170445,7.359092,2.5596051,77.85714285714286,75.68863,Good,Good
6.4,7.3,2.8,7.6314764,7.2566924,2.243016,73.91428571428571,83.59918,Good,Good
7.3,7.41,2.7,7.0293536,7.3143735,2.4116545,78.54285714285713,79.32953,Good,Good
7.3,7.07,2.8,7.4201975,7.3770227,2.2158551,79.4,82.190056,Good,Good
7.8,7.09,2.3,7.6504,7.203994,2.0505755,84.81428571428572,85.074295,Good,Good
7.9,7.19,2.9,8.189246,7.160776,1.6866875,81.28571428571428,90.13707,Good,Excellent
7.7,7.1,2.7,8.154177,7.140527,2.009897,81.87142857142857,88.10925,Good,Good
8.8,7.47,1.6,7.804035,7.711987,1.6564171,92.3857142857143,86.030304,Excellent,Good
7.6,7.39,1.6,7.8496356,7.7012124,1.8151144,86.72857142857143,85.3523,Good,Good
7.1,7.43,1.3,7.4907603,7.6176577,1.7530332,85.85714285714286,84.288506,Good,Good
7.3,7.79,1.2,7.1513066,7.6163177,1.7271657,85.91428571428571,82.75218,Good,Good
7.5,7.46,1.9,7.1494694,7.6484346,1.6409059,84.12857142857142,83.12291,Good,Good
8.3,7.78,2.1,7.3956895,7.559871,1.7269381,85.55714285714288,84.21738,Good,Good
7.8,7.58,1.6,7.57822,7.572892,1.6027604,86.91428571428571,85.81928,Good,Good
7.7,7.5,1.0,7.516392,7.5797195,1.6092664,90.35714285714286,85.44185,Excellent,Good
7.4,7.49,1.4,7.416646,7.554126,1.4794929,86.5,85.83145,Good,Good
7.7,7.61,1.7,7.3607674,7.525623,1.5033144,85.68571428571428,85.53129,Good,Good
9.2,7.8,1.4,7.411702,7.5302405,1.5674968,94.17142857142856,85.38107,Excellent,Good
7.6,7.48,1.2,8.178514,7.6476445,1.3923088,88.74285714285713,89.7631,Good,Good
7.6,7.31,1.7,7.4659204,7.643933,1.6529446,86.47142857142858,84.65222,Good,Good
7.8,7.3,1.8,7.692982,7.607161,1.7839978,86.91428571428573,85.158806,Good,Good
7.8,7.44,2.1,7.7334714,7.6098013,1.7657603,84.5142857142857,85.459366,Good,Good
7.6,7.77,1.8,7.6531343,7.6039305,1.8907793,83.9,84.332726,Good,Good
7.3,7.67,1.1,7.492937,7.591225,1.7226764,87.02857142857144,84.5948,Good,Good
7.6,7.68,1.4,7.2576284,7.610386,1.5716531,86.68571428571428,84.24229,Good,Good
7.8,7.95,1.7,7.4364166,7.5271153,1.5079885,84.72857142857143,85.87509,Good,Good
8.0,7.61,2.0,7.433227,7.5636883,1.5894027,85.38571428571429,85.21391,Good,Good
9.2,7.93,1.0,7.4583764,7.5174594,1.6519101,96.01428571428572,85.16274,Excellent,Good
8.9,7.36,2.0,8.131428,7.7142806,1.421555,90.95714285714286,89.06661,Excellent,Good
8.2,7.32,1.0,7.7983437,7.7509623,1.6740346,93.62857142857143,85.7291,Excellent,Good
7.6,7.45,1.4,7.5250816,7.664892,1.8245835,87.67142857142856,83.82837,Good,Good
7.2,7.55,1.5,7.4900355,7.6127973,1.6710615,84.64285714285714,84.79753,Good,Good
8.1,7.61,1.1,7.297775,7.6038566,1.6913521,91.28571428571428,83.75281,Excellent,Good
7.6,7.56,1.8,7.586347,7.6025066,1.4976335,84.8,86.36376,Good,Good
7.8,7.7,1.0,7.4392834,7.577027,1.7214762,90.0,84.39459,Excellent,Good
7.7,7.48,1.7,7.4371243,7.5925407,1.4358099,86.24285714285713,86.0313,Good,Good
7.7,7.48,1.7,7.444898,7.556636,1.6511921,86.24285714285713,84.93176,Good,Good
7.5,7.44,1.8,7.4439993,7.5444865,1.6240323,84.81428571428572,85.142296,Good,Good
7.5,7.8,1.3,7.376757,7.497313,1.6385719,86.27142857142857,84.92101,Good,Good
8.9,7.91,1.5,7.2891946,7.556279,1.4726572,91.6,85.22598,Excellent,Good
8.0,7.34,1.1,7.8969855,7.630373,1.4044621,91.94285714285715,88.35656,Excellent,Good
7.7,7.54,1.0,7.2755456,7.6508036,1.592325,90.18571428571428,84.03462,Excellent,Good
7.0,7.44,2.0,7.419761,7.6193924,1.5187974,81.11428571428571,85.33148,Good,Good
7.6,7.52,1.6,7.2333193,7.5770497,1.880972,86.17142857142858,82.4077,Good,Good
7.1,7.48,2.0,7.429744,7.58317,1.7013066,81.44285714285714,84.44158,Good,Good
7.6,7.92,2.4,7.2557983,7.574042,1.8626739,79.65714285714284,82.64277,Good,Good
8.1,7.58,1.6,7.2896776,7.5768948,1.7643687,88.41428571428571,83.38977,Good,Good
7.6,7.98,1.0,7.6361027,7.563602,1.5895386,87.8,86.22785,Good,Good
7.5,7.88,1.0,7.324328,7.681461,1.4899371,87.72857142857143,84.761475,Good,Good
7.5,7.51,1.7,7.213988,7.641745,1.470722,85.11428571428571,84.49528,Good,Good
7.3,7.77,1.3,7.360464,7.550987,1.632216,85.4,84.64765,Good,Good
9.8,7.55,1.0,7.1517158,7.599961,1.5391572,100.0,83.95238,Excellent,Good
8.4,7.34,1.0,8.372898,7.5421634,1.2402673,94.54285714285714,92.099335,Excellent,Excellent
7.6,7.73,1.0,7.613572,7.6072116,1.4194179,88.87142857142857,86.94902,Good,Good
7.2,7.41,1.2,7.5054936,7.605446,1.3908861,87.04285714285713,86.58739,Good,Good
7.9,7.41,1.9,7.3088717,7.563369,1.5129099,86.34285714285713,85.05246,Good,Good
7.1,7.31,2.5,7.53963,7.5596237,1.6635538,79.17142857142858,85.31844,Good,Good
7.9,7.69,2.0,7.099233,7.5583563,1.9398298,84.54285714285714,81.46423,Good,Good
7.5,7.62,1.4,7.5091457,7.5361276,1.6408316,86.44285714285714,85.403046,Good,Good
7.8,7.75,1.8,7.422266,7.5051346,1.4877255,84.9857142857143,86.02012,Good,Good
7.6,7.85,1.6,7.4542284,7.525507,1.5887005,84.75714285714287,85.48677,Good,Good
7.9,7.52,1.9,7.392188,7.5556073,1.5944496,85.87142857142857,85.01307,Good,Good
7.3,7.9,1.0,7.4569726,7.508739,1.6006765,86.64285714285714,85.500496,Good,Good
8.8,7.77,1.1,7.179459,7.6009707,1.5042202,94.1,84.29639,Excellent,Good
8.8,7.35,1.9,7.7665873,7.5857143,1.4064721,91.1,87.88391,Excellent,Good
7.7,7.94,2.8,8.643593,8.241252,2.6426964,77.67142857142858,82.04214,Good,Good
7.6,8.22,2.6,8.049772,8.082976,2.785669,77.17142857142856,78.893524,Good,Good
7.2,7.94,2.8,8.121637,8.1907,2.7111025,75.17142857142858,79.23857,Good,Good
7.5,7.92,2.6,7.578527,8.048686,2.8615453,77.95714285714286,76.229,Good,Good
7.3,7.88,2.7,7.897381,8.0622225,2.7049727,76.52857142857142,78.70469,Good,Good
7.8,8.12,2.5,7.642253,8.010936,2.8025155,79.2,77.06359,Good,Good
7.9,8.1,2.4,8.247876,8.1669,2.6241329,80.38571428571429,80.49358,Good,Good
8.2,8.18,2.3,8.338251,8.167701,2.5591025,82.14285714285714,81.332214,Good,Good
8.6,8.19,2.4,8.666398,8.232103,2.4549356,83.5,83.32194,Good,Good
8.6,8.19,2.4,9.004471,8.269397,2.4249067,83.5,85.032646,Good,Good
7.4,8.06,3.5,6.4560027,7.8342505,3.69902,71.45714285714286,66.51054,Good,Medium
7.2,7.82,3.7,7.395027,7.986397,3.5294614,70.28571428571428,71.57095,Good,Good
6.8,8.22,3.8,7.047365,7.8651056,3.687796,65.97142857142856,69.40246,Medium,Medium
6.6,7.88,4.0,7.006075,8.078641,3.6833482,65.22857142857143,68.30754,Medium,Medium
6.8,7.85,3.7,6.560217,7.872459,3.7627883,68.15714285714286,66.485245,Medium,Medium
6.7,7.81,3.8,6.690796,7.8729706,3.6432168,67.22857142857143,67.85338,Medium,Medium
7.0,7.96,3.6,6.597556,7.8595653,3.6921947,69.28571428571429,67.150764,Medium,Medium
7.2,8.0,3.5,6.935508,7.941534,3.5783179,70.71428571428572,69.172485,Good,Medium
7.5,8.05,3.4,7.188358,7.9838095,3.5106478,72.6,70.661575,Good,Good
7.9,7.95,3.6,7.5763135,8.039475,3.4068286,73.82857142857144,72.9857,Good,Good
7.8,8.16,2.5,7.8236127,8.056242,2.9311295,79.02857142857142,77.00454,Good,Good
7.4,8.14,2.7,8.2096615,8.157844,2.7134664,75.91428571428571,79.80532,Good,Good
7.9,8.19,2.5,7.840554,8.119278,2.8338687,79.4,77.40266,Good,Good
8.1,8.18,2.6,8.357474,8.203068,2.674987,79.84285714285713,80.58145,Good,Good
8.0,8.12,2.6,8.545115,8.226607,2.6645327,79.6,81.48149,Good,Good
8.0,8.2,2.6,8.440129,8.198688,2.6474154,79.25714285714287,81.178925,Good,Good
7.9,8.11,2.5,8.505052,8.238969,2.636797,79.74285714285715,81.394615,Good,Good
8.1,8.14,2.5,8.413724,8.203626,2.5840702,80.61428571428571,81.40581,Good,Good
8.2,8.19,2.4,8.60433,8.229909,2.5532832,81.5,82.43091,Good,Good
8.7,8.24,2.4,8.741214,8.259187,2.4913192,83.78571428571428,83.36164,Good,Good
9.0,8.33,2.5,9.153313,8.302693,2.4391751,84.3,85.548546,Good,Good
8.9,8.27,2.5,9.321311,8.324156,2.4739618,84.05714285714285,86.08783,Good,Good
7.9,7.17,2.1,8.162713,7.1720257,2.1745503,86.17142857142858,87.02901,Good,Good
8.3,7.22,2.1,8.71796,7.148161,1.7936199,87.95714285714286,92.19311,Good,Excellent
8.3,7.21,2.0,8.968132,7.1666813,1.7305212,88.60000000000001,93.74319,Good,Excellent
8.1,7.36,1.5,8.871163,7.122195,1.6751378,89.95714285714286,93.781296,Good,Excellent
8.2,7.31,1.6,8.609943,7.1845117,1.5459746,90.07142857142858,92.98311,Excellent,Excellent
8.5,7.21,1.4,8.624057,7.166738,1.5366168,93.19999999999999,93.18599,Excellent,Excellent
8.3,7.55,1.5,8.728052,7.1457996,1.4434596,90.14285714285715,94.35465,Excellent,Excellent
8.2,7.58,1.7,8.328297,7.3063097,1.4858177,88.3142857142857,91.41382,Good,Excellent
8.6,7.29,1.4,8.167716,7.3314376,1.5677562,93.35714285714285,90.0116,Excellent,Excellent
8.4,7.15,1.6,8.594535,7.205031,1.3631021,91.75714285714287,93.91536,Excellent,Excellent
8.3,7.31,1.5,8.541004,7.150926,1.4239416,91.17142857142858,93.51455,Excellent,Excellent
8.6,7.21,1.1,8.439928,7.211421,1.4191034,95.5,92.77893,Excellent,Excellent
8.0,7.28,2.0,8.221454,7.136922,2.1081321,86.8,87.87167,Good,Good
8.4,7.25,1.9,8.781962,7.16185,1.7840961,89.52857142857142,92.5116,Good,Excellent
8.5,7.19,1.9,8.9611635,7.150964,1.6624589,90.28571428571428,94.184074,Excellent,Excellent
8.2,7.3,1.4,8.906556,7.111804,1.6318963,91.31428571428572,94.26225,Excellent,Excellent
8.3,7.27,1.4,8.667173,7.162343,1.5119574,91.94285714285715,93.56837,Excellent,Excellent
8.2,7.28,1.6,8.671338,7.1576285,1.4834112,90.19999999999999,93.78067,Excellent,Excellent
8.6,7.25,1.3,8.613198,7.153792,1.5372491,94.12857142857143,93.18339,Excellent,Excellent
8.4,7.28,1.5,8.671157,7.153217,1.4044075,91.8,94.2727,Excellent,Excellent
8.9,7.25,1.3,8.592573,7.154791,1.4601748,95.62857142857143,93.53844,Excellent,Excellent
8.8,7.19,1.4,8.777108,7.1507554,1.3763664,94.78571428571428,94.98125,Excellent,Excellent
8.7,7.26,1.3,8.738868,7.1306,1.4124758,94.58571428571429,94.659775,Excellent,Excellent
9.0,7.26,1.3,8.678409,7.15882,1.3870847,96.08571428571429,94.38888,Excellent,Excellent
9.4,7.6,1.5,8.894033,7.750214,1.6296883,95.42857142857143,91.47683,Excellent,Excellent
9.8,7.8,1.6,9.295871,7.761697,1.4843702,95.97142857142859,94.30872,Excellent,Excellent
9.7,7.8,1.5,9.439977,7.807532,1.4540677,96.07142857142857,95.01463,Excellent,Excellent
9.6,7.9,1.6,9.421306,7.807946,1.4049757,94.54285714285714,95.21405,Excellent,Excellent
8.9,7.4,1.3,9.369286,7.840051,1.4082661,94.98571428571428,94.796616,Excellent,Excellent
8.7,7.6,1.4,9.247894,7.684098,1.3362875,92.52857142857142,95.2899,Excellent,Excellent
8.7,7.9,1.2,9.021279,7.7638655,1.4162402,92.44285714285714,93.33525,Excellent,Excellent
9.3,7.8,1.3,8.939474,7.824232,1.3281235,95.27142857142859,93.196205,Excellent,Excellent
8.8,7.7,1.1,9.203018,7.8009048,1.324029,94.4,94.63847,Excellent,Excellent
9.2,7.9,1.2,9.002397,7.783259,1.2903364,94.94285714285714,93.91315,Excellent,Excellent
10.0,7.9,1.3,9.139323,7.8206105,1.2892587,98.34285714285714,94.44417,Excellent,Excellent
10.2,7.7,1.3,9.547762,7.7943826,1.2347174,100.0,96.92601,Excellent,Excellent
7.7,8.01,3.3,7.7104497,8.142997,3.2331843,74.37142857142858,74.25459,Good,Good
7.9,7.97,3.2,7.861885,8.057911,3.1569483,76.14285714285714,75.83383,Good,Good
8.5,8.07,2.9,8.060784,8.075632,3.178784,80.5142857142857,76.62137,Good,Good
7.9,8.11,3.3,8.636424,8.160159,2.9424272,74.94285714285715,80.55545,Good,Good
8.2,8.06,3.2,8.021131,8.098986,3.2643714,77.25714285714285,75.80949,Good,Good
8.3,8.08,3.1,8.280611,8.097009,3.2119927,78.27142857142859,77.429634,Good,Good
8.4,8.04,2.7,8.426003,8.117135,3.1340272,81.34285714285714,78.53813,Good,Good
8.3,8.14,2.8,8.653539,8.14155,2.8477345,79.81428571428572,81.28894,Good,Good
8.7,8.16,2.4,8.592241,8.1729555,2.8981419,84.12857142857142,80.54541,Good,Good
9.2,8.09,2.1,9.015268,8.230832,2.6272597,88.72857142857143,84.037796,Good,Good
9.5,8.14,2.3,9.171365,8.20634,2.376802,88.81428571428572,86.42599,Good,Good
10.0,8.09,2.0,9.247179,8.22198,2.5002124,93.32857142857142,85.99757,Excellent,Good
7.3,7.39,2.4,6.812899,7.5779815,2.2702055,80.42857142857142,77.9662,Good,Good
5.7,7.25,2.7,7.7549,7.7682858,2.1614277,71.22857142857143,82.51328,Good,Good
5.6,7.07,2.7,6.287002,7.5523615,2.767529,71.5,72.46258,Good,Good
6.5,6.77,2.5,6.1808376,7.565606,2.881686,76.5142857142857,71.19005,Good,Good
6.8,7.21,2.7,6.9490204,7.865382,2.395371,76.89999999999999,76.6641,Good,Good
6.8,7.17,2.8,6.964839,7.725084,2.5552378,76.47142857142858,76.38527,Good,Good
6.7,7.17,2.1,6.8675184,7.74059,2.676314,80.17142857142858,75.10575,Good,Good
7.4,7.53,2.5,7.291504,7.41324,1.9004118,79.72857142857143,83.28403,Good,Good
6.1,7.11,2.9,7.3739986,7.5061345,2.2020776,72.62857142857143,81.48838,Good,Good
7.5,7.19,2.7,6.4975805,7.4626946,2.6091726,80.48571428571428,74.84989,Good,Good
7.9,7.07,2.8,7.691094,7.2750273,2.0708907,82.4,84.85144,Good,Good
7.2,7.1,1.8,8.082503,7.1321025,1.9292097,84.77142857142857,88.27111,Good,Good
5.4,7.33,2.7,6.5247746,7.489065,2.7942102,69.38571428571429,73.76262,Medium,Good
5.4,7.08,2.7,6.2863865,7.509299,2.6731176,70.45714285714286,73.210526,Good,Good
5.1,6.82,2.8,6.224436,7.4770203,2.8115768,67.92857142857143,72.20835,Medium,Good
6.7,6.88,2.2,6.103684,7.498593,2.9516788,79.78571428571428,70.671524,Good,Good
6.9,7.09,2.9,6.822105,7.565217,2.2248852,76.71428571428572,78.33886,Good,Good
6.2,7.17,2.8,6.812909,7.712659,2.860281,73.47142857142858,73.84861,Good,Good
5.3,7.09,2.9,6.4758053,7.542285,2.7617064,68.71428571428572,73.48471,Medium,Good
7.2,7.19,2.3,6.422248,7.428908,2.6289523,81.38571428571429,74.49935,Good,Good
7.1,7.37,2.4,7.6388392,7.344611,1.7673726,79.5142857142857,86.11305,Good,Good
7.7,7.11,2.1,7.407445,7.404506,2.0010896,85.42857142857142,83.2971,Good,Good
8.4,7.2,2.8,7.9658957,7.257097,1.5717103,84.34285714285714,89.29738,Good,Good
8.1,7.14,2.8,8.634443,7.1052465,1.8114417,83.10000000000001,91.85251,Good,Excellent
7.5,7.5,1.6,7.142129,7.633841,2.0737593,85.75714285714287,80.551636,Good,Good
7.8,7.62,1.4,7.337827,7.67184,2.0960329,87.94285714285714,81.23363,Good,Good
7.0,7.44,2.2,7.4533734,7.6687045,1.9640863,79.91428571428571,82.61648,Good,Good
7.5,7.5,1.7,7.340677,7.6342926,2.1916676,85.15714285714286,80.83498,Good,Good
7.6,7.77,1.1,7.430911,7.7024775,2.062958,88.1,81.76619,Good,Good
7.1,7.75,2.2,6.989256,7.6418943,1.8048301,79.08571428571429,81.366325,Good,Good
7.8,7.42,1.6,7.2300744,7.5078697,1.7538525,87.6,83.450676,Good,Good
8.3,8.1,1.8,7.511505,7.4864554,1.507052,85.9857142857143,86.430405,Good,Good
8.0,7.59,2.2,7.6043673,7.6409917,1.5720534,84.27142857142857,85.84241,Good,Good
7.6,7.95,1.4,7.4741135,7.559385,1.7850277,85.52857142857142,84.26304,Good,Good
8.2,8.13,1.4,7.3509693,7.633071,1.5987587,87.75714285714285,84.449135,Good,Good
7.6,7.46,1.0,7.5775547,7.6651926,1.7486104,90.02857142857142,84.54529,Excellent,Good
7.2,7.91,1.6,7.4130464,7.660912,1.6480274,82.5,84.34459,Good,Good
7.6,7.68,1.4,7.2168565,7.6638417,1.7269965,86.68571428571428,82.87727,Good,Good
7.1,7.64,1.0,7.4246097,7.6687303,1.6969603,86.75714285714285,84.0753,Good,Good
7.2,7.74,2.4,7.056966,7.661407,1.668823,78.42857142857143,82.437294,Good,Good
7.4,7.59,1.5,7.224181,7.5932064,1.8504995,85.47142857142858,82.4756,Good,Good
7.4,7.7,2.5,7.339934,7.6063914,1.6675491,79.0,84.09556,Good,Good
7.4,7.82,1.7,7.1899204,7.570516,1.8357939,83.28571428571428,82.48978,Good,Good
6.2,7.29,1.5,7.298033,7.5767612,1.6093454,80.75714285714285,84.36226,Good,Good
7.6,7.22,2.8,6.631207,7.5424147,1.760131,80.25714285714285,80.27062,Good,Good
7.9,7.48,2.1,6.9778557,7.5699086,1.9724324,84.84285714285713,80.61222,Good,Good
7.8,7.62,1.5,6.9593687,7.7109876,1.8726884,87.34285714285714,80.513626,Good,Good
6.7,7.68,1.0,7.557799,7.6854296,1.7225289,84.58571428571429,84.516266,Good,Good
7.4,7.8,1.7,6.8329873,7.733578,1.8753092,83.37142857142857,79.76918,Good,Good
7.1,7.66,1.3,7.4192076,7.698701,1.7349447,84.87142857142857,83.69194,Good,Good
7.8,7.51,1.8,7.0659285,7.708374,1.8161732,86.01428571428572,81.39671,Good,Good
7.7,7.61,1.5,7.509987,7.6435976,1.7636107,86.88571428571429,84.20999,Good,Good
7.3,7.75,1.3,7.4194393,7.6032686,1.6015341,85.4857142857143,84.90255,Good,Good
7.1,7.71,1.8,7.1354356,7.6086817,1.5470123,81.65714285714286,83.786476,Good,Good
7.3,7.68,2.5,7.1529703,7.561773,1.609618,78.58571428571429,83.699554,Good,Good
7.7,7.46,2.3,7.080421,7.5343766,1.7928402,82.72857142857143,82.35488,Good,Good
7.4,7.85,1.4,7.391479,7.5302434,1.6025454,84.95714285714286,85.06965,Good,Good
7.2,7.51,1.4,7.3127723,7.57637,1.5802175,85.41428571428571,84.6124,Good,Good
7.0,7.69,1.4,7.246309,7.558457,1.5848088,83.64285714285714,84.32931,Good,Good
7.4,7.35,1.7,7.1004767,7.58988,1.6074917,85.3,83.32938,Good,Good
7.9,7.47,1.1,7.3573093,7.549214,1.6735598,90.8857142857143,84.39142,Excellent,Good
8.1,7.72,2.2,7.4417973,7.5339093,1.4785008,84.21428571428571,86.049805,Good,Good
7.6,7.75,1.4,7.360213,7.499807,1.582013,86.38571428571429,85.16696,Good,Good
8.1,7.84,2.0,7.3367796,7.5395308,1.4936354,84.9,85.40981,Good,Good
7.7,7.37,1.3,7.3537397,7.5442176,1.5345294,89.11428571428571,85.229164,Good,Good
7.4,7.86,1.2,7.415215,7.50603,1.4888725,86.11428571428571,85.974144,Good,Good
8.7,7.86,1.2,7.18075,7.597117,1.4981554,92.61428571428571,84.35575,Excellent,Good
8.5,7.38,1.5,7.7450447,7.6346765,1.4217372,91.87142857142857,87.47476,Excellent,Good
8.2,7.46,1.5,7.6927285,7.6774707,1.6519244,90.02857142857142,85.64865,Excellent,Good
8.1,7.4,1.3,7.761471,7.7077923,1.8577852,90.98571428571428,84.62724,Excellent,Good
7.8,7.57,1.8,7.6850553,7.6953497,1.8665323,85.75714285714285,84.24601,Good,Good
7.4,7.41,1.4,7.6387978,7.6712794,1.866002,86.84285714285713,84.12106,Good,Good
7.8,7.49,1.9,7.413253,7.6742454,1.8784552,85.5,82.905914,Good,Good
7.5,7.59,1.1,7.627592,7.653344,1.8713064,88.37142857142857,84.110085,Good,Good
7.1,7.72,2.0,7.308574,7.517853,1.4078116,80.41428571428571,85.87663,Good,Good
7.4,7.45,1.7,7.2220044,7.5167503,1.6620843,84.87142857142857,83.922874,Good,Good
8.3,8.23,1.4,7.3590565,7.4999843,1.5908263,87.82857142857142,85.10754,Good,Good
7.7,7.61,1.7,7.756391,7.742412,1.4644587,85.68571428571428,86.81344,Good,Good
8.0,7.92,1.2,7.413049,7.5768747,1.6573235,88.85714285714285,84.64899,Good,Good
8.3,7.69,1.0,7.4890113,7.6336474,1.4825722,92.54285714285714,85.834,Excellent,Good
9.2,7.71,1.3,9.29351,7.8746257,1.2031183,95.15714285714286,95.50046,Excellent,Excellent
9.2,7.83,1.2,9.311399,7.8351974,1.2183454,95.24285714285713,95.66751,Excellent,Excellent
9.3,7.78,1.4,9.332395,7.8582125,1.1732287,94.75714285714287,95.94455,Excellent,Excellent
9.3,7.8,1.2,9.359061,7.8445168,1.2145765,95.87142857142858,95.88849,Excellent,Excellent
9.4,7.84,1.3,9.403002,7.8382707,1.1421664,95.60000000000001,96.56943,Excellent,Excellent
9.4,7.86,1.2,9.436632,7.845314,1.1545707,96.11428571428571,96.63297,Excellent,Excellent
9.3,7.9,1.3,9.456233,7.844741,1.1191775,94.84285714285716,96.945786,Excellent,Excellent
9.4,7.87,1.2,9.3845825,7.864281,1.1655287,96.07142857142857,96.22568,Excellent,Excellent
9.4,7.97,1.3,9.450214,7.8474345,1.1233795,95.04285714285714,96.87894,Excellent,Excellent
9.4,7.96,1.3,9.422192,7.876732,1.1621428,95.08571428571429,96.380684,Excellent,Excellent
9.4,7.91,1.2,9.413374,7.8770494,1.1727675,95.89999999999999,96.271484,Excellent,Excellent
9.4,7.96,1.2,9.432153,7.863291,1.1469623,95.68571428571428,96.57917,Excellent,Excellent
9.3,7.53,2.8,8.537001,7.9902277,2.0494757,87.42857142857143,86.144325,Good,Good
9.1,7.6,2.8,8.697333,7.7264194,2.390728,86.12857142857143,86.029076,Good,Good
8.8,8.2,2.4,8.500135,7.792118,2.4175136,84.45714285714286,84.60081,Good,Good
9.0,8.1,2.8,8.583245,8.0080805,2.4807277,83.4857142857143,83.71151,Good,Good
9.0,8.2,2.8,8.522373,8.080958,2.7306664,83.05714285714286,81.59519,Good,Good
9.4,7.4,2.8,8.569163,8.116829,2.7447681,88.48571428571428,81.5908,Good,Good
9.2,8.0,2.6,9.042903,7.7091255,2.6498225,86.11428571428573,86.276474,Good,Good
9.6,8.1,2.4,8.693758,8.093117,2.6457114,88.88571428571429,82.909744,Good,Good
9.6,8.3,2.6,8.917872,8.114052,2.5234134,86.82857142857142,84.67438,Good,Good
9.6,8.1,2.4,8.924256,8.150242,2.6587555,88.88571428571429,83.73915,Good,Good
7.4,7.45,1.4,7.595346,7.6879354,1.9478494,86.67142857142856,83.34134,Good,Good
7.6,7.62,1.5,7.0779886,7.634499,2.0422075,86.34285714285714,80.41742,Good,Good
8.1,7.78,1.1,7.292906,7.6574383,1.8872181,90.55714285714285,82.32364,Excellent,Good
7.5,7.4,1.4,7.438401,7.6868367,1.698564,87.38571428571427,84.05704,Good,Good
7.3,7.56,1.8,7.150756,7.6499357,2.008809,83.3,80.91549,Good,Good
7.3,7.69,1.3,7.269641,7.615059,1.9108353,85.74285714285715,82.24723,Good,Good
7.2,7.92,1.8,7.2588615,7.554398,1.5111873,81.25714285714285,84.8512,Good,Good
8.6,7.28,1.2,7.250249,7.563724,1.6027017,94.6,84.21908,Excellent,Good
8.5,8.14,1.6,7.6971726,7.447803,1.3587463,88.0142857142857,88.41423,Good,Good
8.5,7.43,1.5,7.6720004,7.6646376,1.4363925,91.65714285714286,86.8932,Excellent,Good
8.4,7.05,1.1,7.662552,7.572839,1.5572693,95.18571428571428,86.51412,Excellent,Good
8.4,8.2,1.0,7.615754,7.5022135,1.5335258,90.85714285714286,86.72527,Excellent,Good
7.7,7.71,1.2,7.7782493,7.7478194,1.6158395,88.25714285714285,85.99127,Good,Good
7.4,7.75,1.6,7.4826818,7.739576,1.6243153,84.18571428571428,84.49791,Good,Good
7.2,7.36,1.5,7.373117,7.696859,1.7595322,85.45714285714286,83.32186,Good,Good
7.5,7.87,1.5,7.2498198,7.6659217,1.874497,84.77142857142857,82.14817,Good,Good
7.4,7.29,1.3,7.3068337,7.655193,1.6727855,87.95714285714286,83.68949,Good,Good
7.2,7.63,1.8,7.367864,7.6163154,1.697338,82.5,84.01394,Good,Good
7.2,7.63,1.8,7.2848763,7.608582,1.7666664,82.5,83.21617,Good,Good
6.9,7.99,1.7,7.264752,7.5846524,1.7233634,80.05714285714285,83.47793,Good,Good
7.8,7.89,1.2,7.088582,7.633314,1.6400355,87.98571428571428,82.888504,Good,Good
8.8,8.01,1.9,7.334576,7.6119084,1.4674432,88.27142857142857,85.24576,Good,Good
8.2,7.37,1.8,7.734232,7.6713204,1.4633454,88.61428571428571,87.01401,Good,Good
8.5,7.62,1.2,8.134064,7.652939,1.5292343,92.64285714285714,88.6966,Excellent,Good
7.4,7.7,1.4,8.081103,7.666394,1.5150087,85.6,88.459496,Good,Good
7.0,7.72,1.3,7.3508687,7.60109,1.5858412,84.11428571428571,84.6632,Good,Good
7.6,7.74,1.1,7.141901,7.6148806,1.5812759,88.22857142857143,83.58665,Good,Good
7.4,7.71,2.2,7.3395853,7.5740504,1.4229476,80.75714285714285,85.70003,Good,Good
8.0,7.73,1.6,7.258512,7.5406055,1.7145662,87.27142857142857,83.68828,Good,Good
7.9,7.61,1.2,7.47739,7.5682173,1.5260941,89.68571428571428,85.79517,Good,Good
7.9,7.61,1.2,7.4619026,7.5593433,1.4320526,89.68571428571428,86.320015,Good,Good
7.2,7.68,1.7,7.4380665,7.553305,1.4321454,82.88571428571429,86.22616,Good,Good
7.8,7.96,1.4,7.23897,7.5535135,1.5929719,86.48571428571428,84.264824,Good,Good
7.4,7.45,1.3,7.4230776,7.626878,1.4824197,87.27142857142857,85.534256,Good,Good
9.5,8.0,2.5,7.2846036,7.5336757,1.4878672,88.21428571428572,85.20863,Good,Good
7.4,7.59,1.4,7.226601,7.7154503,1.6768439,86.07142857142857,83.00573,Good,Good
7.3,7.32,2.3,7.3152246,7.65468,1.7415416,81.32857142857144,83.321106,Good,Good
7.7,7.48,1.3,7.293048,7.588534,1.9586256,88.64285714285714,82.1912,Good,Good
7.5,7.52,1.6,7.401355,7.597091,1.675984,85.67142857142858,84.39191,Good,Good
7.8,8.1,1.6,7.3737617,7.59405,1.7505705,84.68571428571428,83.81946,Good,Good
8.3,7.67,1.4,7.4819036,7.6336913,1.6107973,90.22857142857143,85.02892,Excellent,Good
7.7,7.9,1.0,7.67477,7.5597773,1.4735627,88.64285714285714,87.13343,Good,Good
7.7,7.53,1.0,7.3597193,7.6212635,1.4832273,90.22857142857143,85.23668,Excellent,Good
7.8,7.47,2.5,7.356721,7.547621,1.4527225,81.9857142857143,85.72032,Good,Good
7.4,7.92,1.7,7.269777,7.540984,1.8350204,82.85714285714286,83.020256,Good,Good
8.9,7.84,1.4,7.304121,7.5889544,1.6226418,92.5,84.260666,Excellent,Good
8.7,7.36,1.7,7.921682,7.6074123,1.4344007,91.75714285714285,88.39882,Excellent,Good
7.5,7.83,1.1,7.384114,7.5836167,1.5473795,87.34285714285713,85.135086,Good,Good
7.5,7.38,2.3,7.3365855,7.622883,1.4592438,82.07142857142857,85.25797,Good,Good
7.3,7.52,1.3,7.4059353,7.570231,1.8907839,86.47142857142858,83.24113,Good,Good
7.6,7.32,2.0,7.301303,7.5779977,1.5769553,84.62857142857143,84.56765,Good,Good
8.1,7.53,1.2,7.4885488,7.5591125,1.7829895,91.02857142857142,84.34862,Excellent,Good
7.7,7.61,1.6,7.6364093,7.535467,1.4578681,86.28571428571428,87.139984,Good,Good
8.4,7.7,1.7,7.43649,7.499296,1.5088683,88.8,85.9894,Good,Good
7.9,7.65,1.4,7.665349,7.5136333,1.4617207,88.3142857142857,87.35514,Good,Good
7.6,7.68,1.6,7.4895134,7.520196,1.4569893,85.4857142857143,86.47622,Good,Good
9.6,7.85,1.7,7.3502636,7.5271516,1.5382965,94.15714285714286,85.262314,Excellent,Good
8.9,7.31,1.8,8.619767,7.6772103,1.4057636,92.37142857142858,91.76193,Excellent,Excellent
7.3,7.98,1.3,7.3334484,7.5660205,1.8237021,84.5,83.299225,Good,Good
7.1,7.17,1.1,7.225838,7.6707263,1.6450675,88.17142857142858,83.38425,Good,Good
7.8,7.52,1.6,7.1759014,7.503323,1.5582114,87.17142857142858,84.373146,Good,Good
7.5,7.22,2.5,7.4842286,7.521103,1.5476623,81.55714285714285,85.90187,Good,Good
7.4,7.81,1.6,7.0919,7.544153,1.8769517,83.92857142857142,81.86571,Good,Good
7.1,7.8,1.9,7.3269386,7.5416093,1.5918646,80.67142857142856,84.76233,Good,Good
7.4,7.52,1.6,7.22244,7.549401,1.686743,85.17142857142858,83.63716,Good,Good
7.4,7.5,2.0,7.3417277,7.514625,1.5467024,82.85714285714286,85.22289,Good,Good
7.6,7.53,2.4,7.3242874,7.5243554,1.7020159,81.32857142857142,84.16211,Good,Good
7.1,7.81,1.1,7.2665668,7.528837,1.8182487,85.42857142857142,83.1569,Good,Good
8.0,7.72,1.8,7.0852103,7.5784917,1.5484183,86.11428571428571,83.65629,Good,Good
8.6,7.51,1.7,7.4239845,7.5469694,1.5728422,90.61428571428571,85.338715,Excellent,Good
7.2,7.48,1.2,7.3124065,7.685793,1.6524881,86.74285714285713,83.708,Good,Good
7.3,7.66,1.5,7.2010174,7.655588,1.7318524,84.67142857142858,82.80431,Good,Good
7.7,7.58,1.7,7.282141,7.641798,1.7246318,85.8142857142857,83.312355,Good,Good
7.2,7.63,1.2,7.534114,7.6345696,1.7510914,86.1,84.44444,Good,Good
7.4,7.88,1.8,7.1363993,7.6522546,1.6843176,82.42857142857143,82.780716,Good,Good
7.1,7.76,1.3,7.2886586,7.60783,1.6275609,84.44285714285714,84.072945,Good,Good
7.7,7.7,1.5,7.083397,7.627451,1.6042855,86.5,83.1022,Good,Good
7.6,7.82,1.6,7.3278084,7.566541,1.5075316,84.88571428571427,85.165825,Good,Good
7.2,7.65,1.7,7.277468,7.5796366,1.5224202,83.0142857142857,84.76866,Good,Good
7.2,8.06,1.3,7.168562,7.548024,1.5637405,83.65714285714286,84.111694,Good,Good
8.2,7.32,1.7,7.1823635,7.7060018,1.4909191,89.42857142857143,83.94058,Good,Good
7.5,7.42,2.0,7.421606,7.493762,1.4745109,83.7,86.14484,Good,Good
8.7,7.42,1.2,7.79284,7.7938814,1.6290139,94.5,85.787766,Excellent,Good
7.5,7.08,2.4,7.8354573,7.7331963,1.8409716,82.75714285714285,84.98919,Good,Good
6.9,7.72,1.1,7.3055143,7.488256,1.9995303,84.81428571428572,82.43787,Good,Good
7.4,7.89,1.4,6.9314117,7.7169385,1.9179672,84.78571428571428,80.07666,Good,Good
7.4,7.75,1.4,7.302021,7.693597,1.805048,85.38571428571429,82.70726,Good,Good
8.2,7.81,1.3,7.3348565,7.6579666,1.7207121,89.72857142857143,83.53015,Good,Good
7.4,7.62,2.2,7.63965,7.6316833,1.5750316,81.14285714285714,86.04085,Good,Good
7.9,7.68,1.1,7.296634,7.578441,1.8105277,89.9857142857143,83.14097,Good,Good
7.4,7.62,1.2,7.4858713,7.5848856,1.4922774,87.14285714285714,85.96904,Good,Good
7.9,7.81,2.0,7.2812123,7.570072,1.5040616,84.02857142857142,84.93853,Good,Good
9.0,7.96,1.6,7.3788896,7.578795,1.6203144,91.28571428571428,84.69202,Excellent,Good
7.8,7.59,1.9,8.05403,7.6698456,1.5073643,85.07142857142857,88.355194,Good,Good
7.5,7.64,1.0,7.2715397,7.787195,1.7548752,88.75714285714285,82.45476,Good,Good
7.1,7.82,1.7,7.2272444,7.756796,1.7893069,81.78571428571428,82.156975,Good,Good
7.4,8.12,1.2,7.1893225,7.715981,1.8890834,85.0,81.543625,Good,Good
6.9,7.98,1.8,7.380718,7.847197,1.682357,79.5,83.17861,Good,Good
7.6,7.92,2.4,7.117623,7.7469463,1.858476,79.65714285714284,81.23606,Good,Good
7.3,7.92,1.2,7.4106965,7.672338,1.8310533,85.35714285714286,83.185715,Good,Good
7.4,7.58,1.4,7.1185102,7.8078876,1.773539,86.1142857142857,81.488945,Good,Good
7.4,7.58,1.4,7.2947016,7.695819,1.80517,86.1142857142857,82.6604,Good,Good
7.5,7.84,1.5,7.3269963,7.645205,1.7016001,84.9,83.66022,Good,Good
7.7,7.91,1.4,7.2984605,7.640626,1.5886242,86.19999999999999,84.21502,Good,Good
8.3,8.08,1.3,7.3319106,7.6430397,1.4933684,89.07142857142858,84.94346,Good,Good
7.9,7.53,1.9,8.00056,7.830573,1.3015004,85.82857142857142,88.6342,Good,Good
8.7,7.75,1.7,8.232532,7.6792507,1.6161528,90.08571428571429,88.55467,Excellent,Good
7.2,7.4,1.1,8.261684,7.672674,1.6652858,87.68571428571428,88.43382,Good,Good
7.4,7.64,1.1,7.359784,7.612472,1.6181483,87.65714285714284,84.46515,Good,Good
7.9,7.78,1.0,7.306387,7.6299605,1.6129302,90.15714285714286,84.154526,Excellent,Good
7.2,7.62,2.1,7.5478926,7.6293955,1.5056293,80.74285714285713,86.00828,Good,Good
8.2,7.72,2.2,7.334483,7.5624437,1.824551,84.71428571428571,83.314644,Good,Good
7.8,7.57,1.0,7.5791974,7.576397,1.7173976,90.55714285714285,85.12134,Excellent,Good
7.8,7.57,1.0,7.46557,7.5957737,1.4886973,90.55714285714285,85.842354,Excellent,Good
7.1,7.61,1.7,7.4284244,7.5873933,1.4765046,82.68571428571428,85.7657,Good,Good
7.5,7.81,1.0,7.2510104,7.5761247,1.6955014,88.02857142857142,83.61294,Good,Good
7.8,7.58,1.9,7.2561383,7.6177244,1.4652236,85.1142857142857,84.841965,Good,Good
9.3,7.87,1.9,7.417324,7.5553346,1.6642617,91.37142857142857,84.721054,Excellent,Good
7.5,7.65,1.1,7.3519793,7.534102,1.5518644,88.1142857142857,85.159706,Good,Good
7.4,7.22,2.2,7.3281565,7.564679,1.5337465,82.85714285714285,85.01826,Good,Good
7.6,7.44,1.8,7.181112,7.4774203,1.7471844,85.31428571428572,83.37637,Good,Good
7.2,7.45,2.9,7.4104133,7.498948,1.6180272,76.67142857142858,85.20555,Good,Good
7.5,7.74,1.8,6.97687,7.5075746,2.035081,83.52857142857142,80.49854,Good,Good
7.1,7.69,1.4,7.34361,7.530362,1.6335468,84.14285714285714,84.64378,Good,Good
7.5,7.54,1.4,7.2072997,7.512081,1.5282841,86.78571428571428,84.672165,Good,Good
7.2,7.67,1.2,7.380097,7.485206,1.465778,85.92857142857143,86.02637,Good,Good
7.7,7.41,1.7,7.2085214,7.516869,1.4621072,86.54285714285713,85.05481,Good,Good
7.1,7.62,1.5,7.4236345,7.471863,1.4903785,83.84285714285714,86.15364,Good,Good
9.0,7.8,1.3,7.206279,7.511721,1.5209162,93.77142857142857,84.71281,Excellent,Good
8.1,7.44,1.4,7.980298,7.62297,1.4208496,90.21428571428571,88.70653,Excellent,Good
6.0,7.24,1.9,6.7921214,7.478382,2.061956,77.57142857142857,79.538666,Good,Good
7.2,7.02,1.8,6.6479936,7.4698505,2.1577916,85.11428571428571,78.27958,Good,Good
5.1,7.75,2.8,7.536937,7.5310445,1.731813,65.4857142857143,85.01791,Medium,Good
6.8,6.9,2.1,6.352709,7.5411415,2.3410914,80.97142857142856,75.39782,Good,Good
7.2,7.11,2.4,6.7518387,7.6441936,1.7641076,81.12857142857142,80.41373,Good,Good
7.5,7.09,2.7,6.998916,7.65652,1.9335917,80.91428571428571,80.57938,Good,Good
7.3,7.24,2.4,6.9385853,7.7289066,2.0095742,81.07142857142856,79.511604,Good,Good
7.0,7.3,2.0,7.3272405,7.676405,1.9793471,81.71428571428572,81.861244,Good,Good
7.5,7.1,2.6,7.635393,7.445499,1.7344095,81.47142857142856,85.86123,Good,Good
7.6,7.19,1.8,7.753191,7.4496064,1.7713742,86.38571428571429,86.21083,Good,Good
7.7,7.19,2.6,7.914351,7.458981,1.4850407,82.08571428571429,88.69446,Good,Good
8.3,7.24,2.6,7.8774967,7.426688,1.7870562,84.87142857142857,86.83649,Good,Good
8.8,7.28,1.8,8.832025,7.140934,2.0136986,92.00000000000001,91.47393,Excellent,Excellent
8.4,7.34,2.0,9.085577,7.158482,1.6052613,88.54285714285714,95.1171,Good,Excellent
8.8,7.35,1.6,8.8563175,7.1713486,1.7737359,92.9,92.90483,Excellent,Excellent
8.8,7.53,1.6,9.038544,7.177044,1.5348814,92.12857142857143,95.22467,Excellent,Excellent
9.0,7.34,1.4,8.960949,7.2707796,1.5291083,95.14285714285714,94.46961,Excellent,Excellent
9.0,7.34,1.4,9.066005,7.2036276,1.4228059,95.14285714285714,95.9205,Excellent,Excellent
8.9,7.31,1.6,9.045429,7.202696,1.414696,93.57142857142858,95.87028,Excellent,Excellent
8.9,7.31,1.6,9.016762,7.1846013,1.48705,93.57142857142858,95.37036,Excellent,Excellent
9.1,7.32,1.4,8.990701,7.186898,1.4896985,95.72857142857143,95.21432,Excellent,Excellent
9.1,7.32,1.4,9.039363,7.2011957,1.4037533,95.72857142857143,95.91203,Excellent,Excellent
8.8,7.36,1.6,9.032799,7.205942,1.4017181,92.85714285714286,95.87108,Excellent,Excellent
8.8,7.36,1.6,8.879039,7.2135134,1.4970319,92.85714285714286,94.497955,Excellent,Excellent
9.2,7.75,1.2,9.081454,7.8733125,1.2558525,95.58571428571429,94.129395,Excellent,Excellent
8.9,7.9,1.4,9.155119,7.824069,1.2202963,92.24285714285713,94.9221,Excellent,Excellent
8.6,7.84,1.5,8.976967,7.8779287,1.3056021,90.4,93.28867,Excellent,Excellent
8.8,7.67,1.4,8.772451,7.8597307,1.3921298,92.72857142857143,91.82492,Excellent,Excellent
9.0,7.9,1.4,8.843715,7.8240166,1.3755224,92.74285714285713,92.433945,Excellent,Excellent
8.7,7.85,1.5,8.98539,7.869914,1.2968991,90.85714285714286,93.41735,Excellent,Excellent
8.9,7.9,1.5,8.824226,7.8515,1.356431,91.64285714285714,92.33327,Excellent,Excellent
9.0,7.85,1.4,8.933866,7.868618,1.3323433,92.95714285714286,92.95262,Excellent,Excellent
8.9,7.85,1.4,8.97408,7.8640947,1.3144368,92.45714285714286,93.280525,Excellent,Excellent
9.1,7.92,1.2,8.915405,7.870813,1.333965,94.35714285714285,92.84119,Excellent,Excellent
8.7,7.92,1.3,9.028581,7.8809996,1.252135,91.75714285714285,93.854385,Excellent,Excellent
9.3,8.42,1.3,8.797831,7.880836,1.3244518,92.61428571428573,92.26743,Excellent,Excellent
8.1,8.43,3.3,7.5135365,8.248755,3.5671067,74.57142857142857,70.81323,Good,Good
8.1,8.42,3.5,8.031216,8.224789,3.3866253,73.41428571428571,74.587234,Good,Good
7.1,8.38,3.8,7.9326963,8.223697,3.5982687,66.78571428571428,72.82945,Medium,Good
6.4,8.3,4.3,7.1800995,8.199464,3.8426104,60.628571428571426,67.70428,Medium,Medium
6.7,8.32,4.1,6.7040057,8.120084,4.1369143,63.24285714285714,63.898186,Medium,Medium
7.0,8.31,3.8,6.829391,8.136965,4.0934896,66.58571428571429,64.71331,Medium,Medium
6.9,8.39,3.7,7.0451384,8.15844,3.885899,66.34285714285714,66.94556,Medium,Medium
7.2,8.43,3.5,7.114659,8.216773,3.8295097,68.87142857142857,67.3815,Medium,Medium
7.2,8.41,3.5,7.4861245,8.276507,3.659942,68.95714285714286,70.00023,Medium,Good
8.4,8.34,3.3,7.4818172,8.268078,3.6419744,76.45714285714286,70.12262,Good,Good
8.7,8.42,3.0,8.782252,8.320223,3.4513566,79.41428571428571,77.54503,Good,Good
10.2,8.28,2.8,9.22185,8.376097,3.1690247,88.71428571428572,81.197556,Good,Good
8.0,8.38,3.6,7.410928,8.216193,3.849756,72.4857142857143,68.74385,Good,Medium
7.7,8.3,3.8,7.7733026,8.188754,3.653748,70.12857142857142,71.849365,Good,Good
6.7,8.28,4.2,7.486346,8.143356,3.8173127,62.81428571428572,69.627754,Medium,Medium
6.3,8.27,4.4,6.814056,8.109068,4.061558,59.65714285714285,64.947784,Medium,Medium
6.5,8.22,4.4,6.622573,8.084283,4.1695127,60.87142857142856,63.448868,Medium,Medium
6.8,8.39,4.0,6.581246,8.046993,4.215395,64.04285714285714,63.12675,Medium,Medium
7.1,8.42,3.8,6.9298716,8.178545,4.1017923,66.61428571428571,64.9877,Medium,Medium
7.0,8.3,3.6,7.2294497,8.229638,3.9999132,67.82857142857142,66.87789,Medium,Medium
7.3,8.31,3.5,7.068357,8.153055,3.7086713,69.88571428571429,68.148094,Medium,Medium
8.3,8.41,3.3,7.4237084,8.200004,3.6127825,75.65714285714286,70.29898,Good,Good
8.8,8.37,3.0,8.799623,8.360586,3.4767804,80.12857142857143,77.30636,Good,Good
9.6,8.17,3.3,9.3665285,8.368036,3.185645,83.1857142857143,81.85577,Good,Good
7.4,7.92,2.8,7.7267675,8.069986,3.0124533,76.25714285714285,75.973465,Good,Good
7.5,8.04,2.8,7.7004867,7.99803,2.9499297,76.24285714285715,76.52558,Good,Good
7.6,8.06,2.9,7.8362565,8.065956,2.9285731,76.05714285714285,77.04146,Good,Good
7.8,8.11,2.7,7.8824353,8.0855255,2.9632177,78.04285714285714,76.98062,Good,Good
7.8,8.11,2.8,8.173463,8.146608,2.7999415,77.44285714285715,79.15363,Good,Good
7.9,8.15,2.7,8.151902,8.1540165,2.8346305,78.37142857142857,78.80595,Good,Good
7.6,8.09,2.6,8.323344,8.194094,2.7510004,77.72857142857143,79.99317,Good,Good
8.0,8.11,2.6,8.055794,8.152452,2.7396302,79.64285714285714,78.90211,Good,Good
8.7,8.18,2.7,8.438233,8.19641,2.6629527,82.24285714285713,81.08598,Good,Good
8.9,8.24,2.8,9.10207,8.283662,2.641491,82.38571428571429,84.159996,Good,Good
8.8,8.23,2.8,9.22011,8.300201,2.699997,81.92857142857143,84.32828,Good,Good
9.0,8.27,2.7,9.137892,8.290874,2.7262874,83.35714285714285,83.79942,Good,Good
7.8,7.9,3.2,7.684571,8.078768,3.297679,75.94285714285714,74.01349,Good,Good
7.9,7.84,3.0,7.918289,7.997752,3.1605217,77.9,76.35224,Good,Good
8.4,7.91,2.9,8.107694,8.01617,3.083138,80.69999999999999,77.68463,Good,Good
7.8,8.01,3.4,8.45739,8.058696,3.00778,74.27142857142857,79.703,Good,Good
8.0,7.98,3.1,7.886318,8.016328,3.364321,77.2,74.88998,Good,Good
8.2,8.07,3.2,8.10071,8.006315,3.21072,77.21428571428571,76.92645,Good,Good
8.3,7.91,2.5,8.205011,8.049949,3.2743783,82.60000000000001,76.87901,Good,Good
8.0,8.01,2.8,8.454016,8.006872,2.7781956,78.87142857142858,81.285736,Good,Good
9.4,8.07,2.2,8.160133,8.006517,2.972901,89.21428571428571,78.64961,Good,Good
9.1,7.94,2.0,9.20366,8.160322,2.3985932,89.47142857142858,86.65394,Good,Good
9.4,8.07,2.2,8.673944,7.999219,2.192638,89.21428571428571,85.93153,Good,Good
10.1,7.97,2.0,8.975792,8.088864,2.2677362,94.34285714285714,86.60599,Excellent,Good
8.6,8.01,2.7,7.8982096,8.058381,3.0038881,82.47142857142858,76.9318,Good,Good
8.0,8.03,3.2,8.450073,8.121353,2.7696707,76.38571428571429,80.82654,Good,Good
8.3,8.01,3.1,8.089856,8.095835,3.1076477,78.57142857142858,77.106964,Good,Good
8.4,8.01,2.5,8.30661,8.097559,3.060865,82.67142857142858,78.464035,Good,Good
8.5,8.12,2.6,8.543217,8.1183405,2.69827,82.1,81.733574,Good,Good
8.9,8.12,2.3,8.645345,8.162668,2.7642841,85.9,81.658165,Good,Good
9.2,8.06,2.6,8.921021,8.1912,2.5730982,85.85714285714286,84.06138,Good,Good
9.6,8.11,2.2,8.981961,8.186015,2.7440848,90.04285714285714,83.36238,Excellent,Good
10.2,8.07,1.9,9.170898,8.202589,2.4524949,95.0142857142857,85.98557,Excellent,Good
7.6,8.2,2.6,7.622453,8.056353,2.9211836,77.25714285714287,76.057945,Good,Good
7.4,8.12,2.6,8.03967,8.15616,2.8028884,76.6,78.42605,Good,Good
7.9,8.15,2.5,7.876599,8.126916,2.793571,79.57142857142857,77.79193,Good,Good
7.7,8.08,2.6,8.381986,8.202038,2.6596742,78.27142857142857,80.80029,Good,Good
8.0,8.11,2.5,8.151903,8.156705,2.7038896,80.24285714285715,79.57888,Good,Good
7.8,8.13,2.5,8.475551,8.206995,2.591033,79.15714285714286,81.65872,Good,Good
8.1,8.02,2.6,8.323787,8.20413,2.598576,80.52857142857144,80.86692,Good,Good
7.9,8.09,2.4,8.4786625,8.175613,2.5891738,80.42857142857142,81.81993,Good,Good
8.4,8.16,2.5,8.412796,8.196972,2.5204225,82.02857142857142,81.81157,Good,Good
8.8,8.24,2.6,8.888634,8.267223,2.4917262,83.08571428571429,84.06186,Good,Good
8.8,8.21,2.5,9.23698,8.313051,2.5226989,83.81428571428572,85.42135,Good,Good
8.9,8.28,2.5,9.199119,8.300217,2.480616,84.01428571428572,85.53954,Good,Good
7.7,7.92,3.0,6.929557,7.910494,3.58534,76.55714285714285,69.23363,Good,Medium
7.2,7.92,3.5,7.80511,7.976117,3.2237034,71.05714285714285,75.49997,Good,Good
7.2,7.9,3.2,7.091605,7.9203,3.5529904,72.94285714285714,70.19594,Good,Good
7.0,7.77,3.3,7.158587,7.919599,3.3891883,71.9,71.51667,Good,Good
7.2,7.9,3.3,6.8758726,7.8512406,3.4723115,72.34285714285714,69.89732,Good,Medium
6.9,7.82,3.2,7.140549,7.9058733,3.4071212,71.78571428571428,71.37771,Good,Good
7.2,7.95,3.1,6.8191686,7.855957,3.3833613,73.32857142857144,70.12729,Good,Good
7.3,8.05,3.3,7.259849,7.9394393,3.270091,72.2,72.652534,Good,Good
7.8,8.12,3.3,7.367207,7.999153,3.3362324,74.4,72.53656,Good,Good
8.0,8.1,3.2,7.9006515,8.085397,3.2933726,76.08571428571429,75.091324,Good,Good
8.0,8.06,3.3,8.11532,8.091189,3.2179213,75.65714285714286,76.59255,Good,Good
7.2,7.8,3.0,7.953531,8.146768,2.8734813,74.57142857142857,77.612045,Good,Good
7.6,7.95,3.0,7.4108186,7.984644,3.098174,75.92857142857143,74.24515,Good,Good
7.4,7.88,2.8,7.890582,8.068,3.0287833,76.42857142857143,76.70307,Good,Good
7.7,8.08,2.7,7.716157,8.02086,2.9600585,77.67142857142856,76.44532,Good,Good
7.8,8.18,2.7,8.136494,8.141268,2.8174613,77.74285714285713,78.88655,Good,Good
7.8,8.11,3.0,8.255806,8.190843,2.7978916,76.24285714285715,79.38807,Good,Good
8.3,8.18,2.8,8.083999,8.143217,2.979729,79.64285714285715,77.64212,Good,Good
8.5,8.23,2.9,8.680308,8.232716,2.7963207,79.82857142857142,81.34055,Good,Good
8.7,8.19,3.0,8.859867,8.262537,2.8468804,80.4,81.807175,Good,Good
7.3,7.92,3.3,7.789259,7.9486556,3.2248998,72.75714285714287,75.531235,Good,Good
7.4,7.95,3.2,7.2798543,7.900899,3.4450307,73.72857142857143,71.868095,Good,Good
7.0,7.82,3.3,7.395384,7.9185257,3.36371,71.68571428571428,72.85812,Good,Good
7.4,7.92,3.2,6.915254,7.8491573,3.4437077,73.85714285714286,70.27478,Good,Good
7.2,8.02,3.2,7.3817873,7.9088483,3.343757,72.42857142857143,72.95133,Good,Good
7.4,7.95,3.2,7.2343874,7.9502296,3.3304794,73.72857142857143,72.11665,Good,Good
7.6,8.03,3.0,7.3986683,7.9347367,3.3214827,75.58571428571429,73.05843,Good,Good
7.5,8.08,3.2,7.7311964,8.015926,3.1395984,73.67142857142856,75.464424,Good,Good
7.8,8.12,3.1,7.6016173,8.038124,3.2592847,75.60000000000001,74.00327,Good,Good
8.2,8.2,3.1,7.953325,8.095028,3.1533146,77.25714285714287,76.15376,Good,Good
8.5,8.15,3.2,8.478576,8.19109,3.094562,78.37142857142857,78.72084,Good,Good
10.4,8.1,1.0,9.89428,7.8518705,1.0730536,100.0,99.3822,Excellent,Excellent
10.4,8.19,1.0,9.863148,7.8537507,1.0759184,100.0,99.201294,Excellent,Excellent
10.4,8.06,1.0,9.832355,7.8702574,1.0854363,100.0,98.91948,Excellent,Excellent
10.4,8.15,1.0,9.847514,7.8482394,1.0867422,100.0,99.08182,Excellent,Excellent
10.3,7.96,1.0,9.829736,7.8639216,1.0880356,100.0,98.917946,Excellent,Excellent
10.4,8.09,1.0,9.832742,7.8349514,1.0883042,100.0,99.05552,Excellent,Excellent
10.4,8.02,1.0,9.848136,7.8525143,1.0819218,100.0,99.09552,Excellent,Excellent
10.5,8.16,1.0,9.876826,7.839094,1.0723256,100.0,99.354065,Excellent,Excellent
10.5,8.09,1.0,9.884165,7.8606267,1.0720283,100.0,99.300255,Excellent,Excellent
10.5,8.09,1.0,9.89506,7.848049,1.0711493,100.0,99.41391,Excellent,Excellent
10.3,8.22,1.0,9.896172,7.8479877,1.0706387,100.0,99.422806,Excellent,Excellent
10.3,8.16,1.0,9.792719,7.8781395,1.0856969,100.0,98.68596,Excellent,Excellent
10.4,7.9,1.0,9.984267,7.802943,1.0313045,100.0,100.0,Excellent,Excellent
10.4,7.92,1.0,9.977885,7.8086643,1.0238789,100.0,100.0,Excellent,Excellent
10.4,7.88,1.0,9.989507,7.812888,1.0206338,100.0,100.0,Excellent,Excellent
10.3,7.89,1.0,10.015375,7.804322,1.0126091,100.0,100.0,Excellent,Excellent
10.3,7.92,1.0,10.00407,7.810357,1.0073256,100.0,100.0,Excellent,Excellent
10.4,7.87,1.0,10.006066,7.8156633,1.0035561,100.0,100.0,Excellent,Excellent
10.3,7.98,1.0,10.0531025,7.8012834,0.9959475,100.0,100.0,Excellent,Excellent
10.3,7.93,1.0,10.016518,7.826384,0.99392736,100.0,100.0,Excellent,Excellent
10.3,7.93,1.0,10.028921,7.8170214,0.99265254,100.0,100.0,Excellent,Excellent
10.1,7.77,1.0,10.033957,7.816711,0.9892436,100.0,100.0,Excellent,Excellent
10.1,7.81,1.0,10.005509,7.790423,0.9936948,100.0,100.0,Excellent,Excellent
8.9,7.65,2.4,8.7025385,7.8557644,1.9053967,87.3142857142857,88.41275,Good,Good
8.8,7.4,2.6,8.526383,7.7888384,2.0665534,86.68571428571428,86.85187,Good,Good
8.8,8.1,2.8,8.339226,7.7188325,2.139955,82.4857142857143,85.775696,Good,Good
8.6,8.0,2.8,8.415439,8.041708,2.546839,81.91428571428573,82.331696,Good,Good
9.0,8.2,2.8,8.295309,8.005198,2.5829496,83.05714285714286,81.67086,Good,Good
9.0,8.1,2.8,8.623083,8.104007,2.565722,83.4857142857143,82.989624,Good,Good
9.4,7.4,2.4,8.594696,8.088302,2.6647105,90.88571428571427,82.32107,Excellent,Good
9.2,7.9,2.4,9.408904,7.553658,2.130836,87.74285714285713,91.88669,Good,Excellent
9.8,8.3,2.4,8.84953,7.927868,2.254016,89.02857142857142,86.74698,Good,Good
9.6,8.0,2.2,9.268017,8.059011,2.3020294,90.51428571428572,87.98929,Excellent,Good
9.8,8.1,2.2,8.9493685,8.01543,2.2855113,91.08571428571429,86.68193,Excellent,Good
9.8,8.3,2.0,9.079586,8.049049,2.28499,91.42857142857143,87.19207,Excellent,Good
7.3,7.58,1.3,7.72293,7.724097,1.7591112,86.21428571428571,84.95672,Good,Good
7.7,7.58,1.5,6.962833,7.6771317,1.9745494,87.0142857142857,80.06487,Good,Good
7.9,7.12,1.7,7.399895,7.696826,1.8824201,88.78571428571429,82.71856,Good,Good
7.2,7.26,1.9,7.6558385,7.7246294,2.111752,83.48571428571428,82.50313,Good,Good
7.7,7.59,1.5,7.274327,7.6943045,2.1270783,86.97142857142858,80.63358,Good,Good
7.8,7.63,1.0,7.4087896,7.6574974,1.869705,90.3,83.00787,Excellent,Good
7.0,7.62,1.6,7.4665627,7.5473094,1.4048848,82.74285714285713,86.5579,Good,Good
8.0,7.39,2.1,7.21332,7.5394287,1.5728505,85.72857142857143,84.317665,Good,Good
8.2,8.13,1.2,7.429686,7.5073853,1.6550453,88.95714285714286,85.043655,Good,Good
8.3,7.51,1.1,7.681335,7.680182,1.5266331,92.71428571428572,86.33181,Excellent,Good
7.9,7.6,1.7,7.573099,7.547732,1.4701571,86.72857142857143,86.69713,Good,Good
8.0,8.25,1.0,7.4552474,7.558222,1.5909531,88.64285714285714,85.33814,Good,Good
7.8,7.35,1.0,7.54062,7.5883493,1.4882659,91.5,86.252014,Excellent,Good
8.0,7.46,1.6,7.5104275,7.5777316,1.5396945,88.42857142857142,85.837975,Good,Good
8.0,7.85,1.6,7.5992136,7.59236,1.6432827,86.75714285714287,85.59769,Good,Good
7.6,7.38,1.6,7.4894524,7.5850515,1.5232759,86.77142857142857,85.80024,Good,Good
7.4,7.36,2.0,7.4813337,7.5812936,1.6765199,83.45714285714286,84.85629,Good,Good
7.7,7.54,1.3,7.3729086,7.563019,1.8164027,88.38571428571429,83.55319,Good,Good
7.0,7.81,1.4,7.410377,7.493931,1.4153016,83.12857142857142,86.44324,Good,Good
7.3,7.48,1.3,7.1408615,7.55056,1.5172356,86.64285714285714,84.24136,Good,Good
8.2,7.81,1.5,7.2599397,7.4960175,1.4442868,88.52857142857142,85.508194,Good,Good
7.5,7.41,1.5,7.4515357,7.5421424,1.4427282,86.74285714285713,86.27784,Good,Good
7.6,7.85,1.2,7.3699646,7.4957924,1.4987124,87.15714285714286,85.73273,Good,Good
7.9,7.62,1.0,7.2968254,7.5625405,1.4519787,90.84285714285714,85.361374,Excellent,Good
7.3,7.63,1.2,7.2283993,7.688329,1.6108634,86.6,83.52683,Good,Good
7.5,7.66,1.7,7.137045,7.6510034,1.6549827,84.47142857142858,82.96532,Good,Good
7.8,7.54,1.1,7.3611903,7.6120915,1.7037749,90.08571428571429,83.96005,Excellent,Good
7.3,7.72,1.5,7.3462143,7.590805,1.5565022,84.41428571428571,84.86004,Good,Good
7.3,7.85,2.2,7.2231245,7.6155014,1.6277328,79.65714285714286,83.711365,Good,Good
7.6,7.64,1.4,7.2026577,7.6000185,1.726038,86.85714285714285,83.085556,Good,Good
7.1,7.64,2.0,7.3100452,7.5886455,1.5580995,80.75714285714285,84.67887,Good,Good
7.1,7.64,2.0,7.182859,7.582855,1.7355297,80.75714285714285,83.00317,Good,Good
7.2,7.5,1.5,7.178558,7.5606904,1.712534,84.85714285714286,83.21463,Good,Good
6.4,7.41,1.5,7.1913877,7.5378566,1.5496384,81.24285714285713,84.35401,Good,Good
8.3,8.01,1.7,6.750345,7.557077,1.7043109,86.97142857142858,81.1384,Good,Good
7.8,7.42,1.9,7.678283,7.708648,1.5152634,85.8,86.26277,Good,Good
7.0,7.4,1.1,7.5351768,7.6992054,1.7013563,86.68571428571428,84.47115,Good,Good
7.2,7.72,1.5,6.974334,7.677641,1.880641,83.91428571428571,80.68365,Good,Good
7.5,7.77,1.5,7.1194634,7.69515,1.8419098,85.2,81.56664,Good,Good
7.6,7.53,1.1,7.3494453,7.702182,1.7495313,89.12857142857143,83.24069,Good,Good
7.9,7.9,1.7,7.271521,7.671469,1.7339128,85.44285714285714,83.07641,Good,Good
7.8,7.47,1.4,7.509963,7.6797466,1.6199851,88.58571428571429,84.91671,Good,Good
7.8,7.79,1.9,7.475136,7.6460543,1.7122681,84.21428571428571,84.33327,Good,Good
7.8,7.79,1.9,7.353848,7.619799,1.6402423,84.21428571428571,84.27151,Good,Good
7.6,7.96,1.1,7.3103943,7.5803,1.5870197,87.28571428571428,84.542854,Good,Good
7.8,7.81,1.6,7.3008275,7.690571,1.4517441,85.92857142857142,84.83409,Good,Good
8.3,8.07,1.8,7.3524055,7.6031036,1.5471222,86.11428571428571,84.89457,Good,Good
8.0,7.61,1.9,7.5826397,7.691819,1.4951339,85.98571428571428,85.977455,Good,Good
8.4,7.46,1.0,8.00809,7.6725364,1.5843116,94.02857142857142,87.65229,Excellent,Good
7.1,7.68,1.2,7.937073,7.650595,1.5529307,85.38571428571429,87.57951,Good,Good
7.5,7.59,1.6,7.0856647,7.689417,1.7668589,85.37142857142857,81.87253,Good,Good
7.8,7.64,1.6,7.42825,7.6273317,1.7545342,86.65714285714284,83.925476,Good,Good
7.9,7.62,2.0,7.5070252,7.619654,1.6904011,84.84285714285714,84.73706,Good,Good
8.1,7.78,2.3,7.476227,7.566886,1.7146987,83.35714285714286,84.66343,Good,Good
7.7,7.53,2.0,7.4824305,7.553696,1.7157831,84.22857142857143,84.74448,Good,Good
7.7,7.53,2.0,7.4483194,7.5585136,1.7721289,84.22857142857143,84.215195,Good,Good
7.1,7.58,1.7,7.433243,7.5156217,1.7545351,82.81428571428572,84.4292,Good,Good
7.8,7.8,2.0,7.274941,7.5285406,1.6529043,83.57142857142857,84.19211,Good,Good
7.2,7.34,1.3,7.375782,7.541049,1.6403427,86.74285714285715,84.71807,Good,Good
8.7,7.98,1.9,7.309622,7.4933906,1.5164962,87.89999999999999,85.3346,Good,Good
8.3,7.34,1.3,8.049848,7.8120513,1.547905,92.24285714285715,87.48159,Excellent,Good
7.4,7.43,1.4,7.578948,7.6437225,1.8408997,86.75714285714285,84.09054,Good,Good
6.9,7.65,2.7,7.273569,7.6409664,1.8164326,75.5142857142857,82.72226,Good,Good
7.1,7.6,1.4,7.0962944,7.590502,2.0385075,84.52857142857142,80.71971,Good,Good
7.0,7.65,2.2,7.026412,7.6557865,1.8269655,79.0142857142857,81.35976,Good,Good
7.9,7.74,1.0,7.2615147,7.609962,1.9141105,90.32857142857142,82.20879,Excellent,Good
7.5,7.39,2.4,7.4583364,7.6365356,1.5252252,81.42857142857142,85.41232,Good,Good
7.1,7.59,1.3,7.353506,7.5998607,1.975066,85.17142857142858,82.346306,Good,Good
7.0,7.47,1.6,7.1027045,7.6205497,1.6878918,83.38571428571429,82.72668,Good,Good
7.7,7.89,1.6,7.1566515,7.603475,1.7760646,85.08571428571429,82.54055,Good,Good
8.8,7.8,1.1,7.4848695,7.6464806,1.6133685,93.97142857142859,84.97351,Excellent,Good
8.3,7.97,1.5,7.832103,7.658269,1.4580445,88.34285714285716,87.591095,Good,Good
7.2,7.41,1.1,7.2444925,7.611278,1.6231607,87.64285714285714,83.86374,Good,Good
7.8,7.72,2.1,7.232072,7.560785,1.5546377,83.31428571428572,84.42918,Good,Good
7.2,7.59,1.0,7.405425,7.54467,1.7096714,87.47142857142858,84.4348,Good,Good
7.6,7.62,1.2,7.092765,7.597732,1.5747906,88.14285714285714,83.45338,Good,Good
7.5,7.73,1.5,7.311776,7.5642295,1.5077884,85.37142857142857,85.094025,Good,Good
7.4,7.49,2.6,7.3012295,7.5698447,1.5608345,79.30000000000001,84.69895,Good,Good
7.4,7.74,1.2,7.126474,7.485713,1.883953,86.62857142857143,82.247025,Good,Good
9.6,7.7,1.3,7.22212,7.5565853,1.4743963,97.2,84.87886,Excellent,Good
7.3,7.42,2.5,8.361387,7.6406345,1.3596728,79.7,90.90333,Good,Excellent
7.4,7.28,1.8,7.437969,7.5941615,1.6053429,85.0,85.01138,Good,Good
7.7,7.36,1.0,7.6058545,7.6745033,1.9311477,90.95714285714286,83.55167,Excellent,Good
7.6,7.28,2.6,7.4894104,7.5756426,1.5721736,81.19999999999999,85.546974,Good,Good
7.4,7.69,2.3,7.5072694,7.6686106,2.118278,80.24285714285715,81.96121,Good,Good
7.4,7.7,1.4,7.363967,7.5583277,1.8767872,85.6,83.166275,Good,Good
7.5,7.87,1.8,7.2955513,7.576543,1.6341746,82.97142857142858,84.20181,Good,Good
7.6,7.8,1.8,7.396786,7.51824,1.6172957,83.77142857142857,85.059135,Good,Good
7.8,7.48,1.8,7.367432,7.5343018,1.621378,86.14285714285714,84.81903,Good,Good
7.3,7.78,1.1,7.4872813,7.5150557,1.6208761,86.55714285714285,85.50377,Good,Good
10.0,7.86,1.5,7.163969,7.5702963,1.507,97.31428571428572,84.333725,Excellent,Good
8.6,7.41,2.0,8.884111,7.7257605,1.4084792,89.24285714285713,92.85928,Good,Excellent
8.2,7.6,1.4,7.413944,7.491722,1.3983064,90.02857142857142,86.5725,Excellent,Good
7.6,7.4,1.2,7.5225263,7.50287,1.3848037,89.08571428571427,87.14865,Good,Good
7.2,6.8,1.2,7.4085655,7.4737973,1.3985056,87.94285714285714,86.62124,Good,Good
7.0,7.6,1.1,7.4347854,7.2658796,1.3529668,85.82857142857142,87.91665,Good,Good
7.3,6.8,1.2,7.2061005,7.5243945,1.4223847,88.44285714285714,85.24879,Good,Good
7.4,6.8,1.2,7.473302,7.280613,1.3114339,88.94285714285714,88.29529,Good,Good
7.4,6.8,1.2,7.5103965,7.2817187,1.290772,88.94285714285714,88.59999,Good,Good
7.5,7.4,1.2,7.5123987,7.2866025,1.28524,88.58571428571427,88.62225,Good,Good
7.2,7.4,1.3,7.461998,7.443638,1.3687379,86.48571428571428,87.196266,Good,Good
5.1,7.2,1.4,7.338482,7.4352913,1.3994648,76.24285714285713,86.430084,Good,Good
5.3,7.5,1.2,6.5117397,7.52395,1.7490784,77.15714285714286,79.818726,Good,Good
6.0,7.5,1.2,6.643492,7.5759826,1.702672,80.65714285714286,80.53294,Good,Good
7.9,7.5,1.3,7.3634653,7.489964,1.3620005,89.55714285714286,86.54549,Good,Good
7.5,7.6,1.1,7.452426,7.4660707,1.3664771,88.32857142857142,87.06583,Good,Good
7.0,6.7,1.1,7.311989,7.498557,1.360054,87.11428571428571,86.26295,Good,Good
7.1,7.5,1.3,7.376476,7.2929425,1.3470476,85.55714285714286,87.54463,Good,Good
7.1,6.7,1.4,7.2672653,7.47522,1.406893,85.81428571428572,85.858315,Good,Good
7.2,6.7,1.2,7.401781,7.285554,1.3668761,87.51428571428572,87.58385,Good,Good
7.0,6.7,1.1,7.4548073,7.289692,1.312438,87.11428571428571,88.157875,Good,Good
7.2,7.5,1.3,7.3926916,7.310189,1.3200815,86.05714285714286,87.71359,Good,Good
7.1,7.5,1.3,7.329125,7.4639373,1.3946486,85.55714285714286,86.28944,Good,Good
6.1,7.4,1.3,7.289475,7.47083,1.399337,80.98571428571428,86.033516,Good,Good
6.3,7.4,1.2,6.907788,7.500287,1.5353434,82.58571428571427,83.18279,Good,Good
6.2,7.4,1.1,6.9866943,7.5118074,1.4912595,82.68571428571428,83.79246,Good,Good
8.1,7.5,1.2,7.3322167,7.5159307,1.3978019,91.15714285714286,86.06314,Excellent,Good
7.5,7.5,1.2,7.4463596,7.500532,1.3668336,88.15714285714286,86.885666,Good,Good
7.1,6.7,1.1,7.3130636,7.502172,1.3941908,87.61428571428573,86.04801,Good,Good
7.0,7.6,1.1,7.3573995,7.318776,1.3281114,85.82857142857142,87.45215,Good,Good
7.0,6.7,1.2,7.200865,7.529096,1.407129,86.51428571428572,85.294,Good,Good
7.0,6.7,1.1,7.3087726,7.3466716,1.3303741,87.11428571428571,87.07589,Good,Good
7.0,6.7,1.2,7.333484,7.352315,1.3071904,86.51428571428572,87.31436,Good,Good
7.2,7.5,1.2,7.3280773,7.3555827,1.3143909,86.65714285714286,87.23012,Good,Good
7.3,7.6,1.2,7.3302627,7.489457,1.3900354,86.72857142857143,86.21343,Good,Good
5.7,7.2,1.2,7.342003,7.5013647,1.3964047,80.44285714285714,86.18288,Good,Good
6.4,7.3,1.2,6.7184973,7.511301,1.6156032,83.51428571428572,81.70758,Good,Good
6.0,7.6,1.1,6.996775,7.4926496,1.4712865,80.82857142857142,84.0448,Good,Good
10.4,7.78,1.0,10.048147,7.792758,1.0190933,100.0,100.0,Excellent,Excellent
10.4,7.8,1.0,10.048638,7.7829046,1.0143961,100.0,100.0,Excellent,Excellent
10.4,7.81,1.0,10.058299,7.786595,1.0092425,100.0,100.0,Excellent,Excellent
10.3,7.86,1.0,10.069459,7.78767,1.0020434,100.0,100.0,Excellent,Excellent
10.5,7.89,1.0,10.048854,7.8009367,0.99595857,100.0,100.0,Excellent,Excellent
10.4,7.89,1.0,10.102357,7.7991195,0.98808324,100.0,100.0,Excellent,Excellent
10.5,7.85,1.0,10.091574,7.8027215,0.982159,100.0,100.0,Excellent,Excellent
10.4,7.94,1.0,10.12168,7.791051,0.9794209,100.0,100.0,Excellent,Excellent
10.4,7.89,1.0,10.093952,7.8130527,0.97662306,100.0,100.0,Excellent,Excellent
10.4,7.89,1.0,10.095978,7.802724,0.97795737,100.0,100.0,Excellent,Excellent
10.2,7.85,1.0,10.111282,7.802893,0.96841574,100.0,100.0,Excellent,Excellent
10.2,7.89,1.0,10.055571,7.8016095,0.9748845,100.0,100.0,Excellent,Excellent
9.2,7.65,2.4,9.318942,7.622215,1.604852,88.8142857142857,94.298965,Good,Excellent
9.2,7.8,2.6,8.83981,7.6722193,1.8570018,86.97142857142856,90.1761,Good,Excellent
9.0,8.1,2.6,8.834635,7.74955,1.9618647,84.68571428571428,89.18964,Good,Good
8.8,8.1,2.4,8.909384,7.8690004,1.9656307,84.88571428571429,89.02885,Good,Good
9.0,7.9,2.4,8.872406,7.8546424,1.9232726,86.74285714285713,89.159645,Good,Good
9.2,8.0,2.6,8.882107,7.8229127,1.8933508,86.11428571428573,89.52367,Good,Good
9.6,7.6,2.2,9.10389,7.798298,2.0102324,92.22857142857143,90.03678,Excellent,Excellent
9.6,7.66,2.2,9.51611,7.654937,1.8351148,91.97142857142858,93.76299,Excellent,Excellent
9.8,8.2,2.2,9.470785,7.6921167,1.8753042,90.65714285714286,93.13589,Excellent,Excellent
9.8,8.2,2.0,9.458911,7.8431835,1.8607454,91.85714285714286,92.51644,Excellent,Excellent
9.6,8.2,2.0,9.304892,7.9019837,1.84585,90.85714285714286,91.58371,Excellent,Excellent
9.8,8.3,1.8,9.266811,7.897464,1.8605478,92.62857142857143,91.3245,Excellent,Excellent
8.5,7.58,2.4,9.388168,7.403159,2.1198776,85.6142857142857,92.49376,Good,Excellent
8.4,7.58,2.5,9.101538,7.4460225,2.3033013,84.5142857142857,89.77635,Good,Good
9.0,7.55,2.6,8.964181,7.417874,2.3555498,87.04285714285714,88.89671,Good,Good
9.2,7.52,2.3,9.293231,7.3529916,2.2764716,89.97142857142858,91.29451,Good,Excellent
9.8,7.55,2.2,9.424049,7.2973924,2.0497215,93.44285714285715,93.54738,Excellent,Excellent
9.9,7.48,2.0,9.911437,7.2866445,1.8619475,95.44285714285714,97.15703,Excellent,Excellent
10.3,7.5,1.8,9.953488,7.267161,1.7178771,98.55714285714286,98.3152,Excellent,Excellent
10.3,7.62,1.8,10.267372,7.3196945,1.5801587,98.04285714285714,100.0,Excellent,Excellent
10.4,7.5,1.6,10.351522,7.43078,1.5422432,100.0,100.0,Excellent,Excellent
10.4,7.5,1.7,10.332097,7.3826814,1.4603469,99.65714285714286,100.0,Excellent,Excellent
10.6,7.4,1.5,10.35001,7.3818545,1.4977181,100.0,100.0,Excellent,Excellent
10.6,7.5,1.4,10.395075,7.3608866,1.4061434,100.0,100.0,Excellent,Excellent
9.2,7.93,1.2,9.404472,7.7717304,1.1120965,94.81428571428572,97.04237,Excellent,Excellent
9.3,7.76,1.1,9.305711,7.86514,1.1417538,96.64285714285714,95.97029,Excellent,Excellent
9.4,7.95,1.2,9.370596,7.8107367,1.1019927,95.72857142857143,96.76644,Excellent,Excellent
8.9,7.62,1.4,9.414246,7.8588395,1.1133008,93.44285714285714,96.710686,Excellent,Excellent
9.3,7.66,1.4,9.118759,7.795235,1.2794151,95.27142857142857,94.509155,Excellent,Excellent
8.9,7.86,1.5,9.34197,7.7858453,1.2213135,91.81428571428572,96.01406,Excellent,Excellent
9.1,7.88,1.4,9.11716,7.8510866,1.2758651,93.32857142857142,94.2831,Excellent,Excellent
9.3,7.9,1.1,9.217614,7.8552227,1.2341976,96.04285714285714,95.01764,Excellent,Excellent
9.2,7.8,1.3,9.341769,7.846768,1.1329011,94.77142857142857,96.28244,Excellent,Excellent
9.0,7.73,1.4,9.265824,7.8361187,1.2109469,93.47142857142856,95.48008,Excellent,Excellent
9.2,7.71,1.1,9.146406,7.8303366,1.275434,96.35714285714286,94.52084,Excellent,Excellent
9.5,7.79,1.2,9.284611,7.7976007,1.145299,96.91428571428571,96.13298,Excellent,Excellent
8.3,8.47,3.1,7.749247,8.239773,3.1802607,76.60000000000001,74.35136,Good,Good
8.3,8.46,3.4,8.174838,8.210468,2.9793174,74.84285714285714,77.81057,Good,Good
7.4,8.44,3.8,8.065177,8.236637,3.3157463,68.02857142857142,75.13154,Medium,Good
6.9,8.38,4.0,7.4709816,8.266949,3.7060156,64.58571428571429,69.68903,Medium,Medium
7.0,8.37,3.9,7.087273,8.212262,3.8837585,65.72857142857143,66.93841,Medium,Medium
7.3,8.41,3.6,7.116391,8.201895,3.8821025,68.85714285714286,67.13837,Medium,Medium
7.4,8.49,3.6,7.421502,8.238166,3.7135663,69.01428571428572,69.51969,Medium,Medium
7.7,8.59,3.4,7.5847855,8.299179,3.7451537,71.28571428571428,69.8851,Good,Medium
8.0,8.43,3.0,7.95698,8.370914,3.6232655,75.87142857142857,72.16996,Good,Good
8.8,8.4,2.8,8.3338375,8.299728,3.1175818,81.2,77.39343,Good,Good
9.4,8.47,2.7,9.1185665,8.338486,2.931847,84.49999999999999,82.26538,Good,Good
10.6,8.36,2.2,9.514737,8.37344,2.895849,93.97142857142858,84.31242,Excellent,Good
7.8,8.05,2.8,7.3050346,8.010834,3.4073184,77.7,71.74912,Good,Good
7.4,7.94,3.3,8.154935,8.108409,2.968814,73.17142857142858,78.21147,Good,Good
7.4,8.01,3.0,7.430807,7.9835534,3.3846166,74.67142857142858,72.6311,Good,Good
7.0,7.78,3.2,7.571408,8.033257,3.1699874,72.45714285714286,74.408875,Good,Good
7.4,7.92,3.2,6.9333277,7.8881392,3.3852644,73.85714285714286,70.548744,Good,Good
7.1,7.85,3.0,7.4222155,7.9636035,3.318358,73.85714285714286,73.071205,Good,Good
7.5,8.05,2.9,7.1143904,7.918556,3.247445,75.6,72.15061,Good,Good
7.7,8.15,3.0,7.753915,8.062578,3.047798,75.57142857142857,75.92888,Good,Good
7.5,8.08,3.2,7.9826455,8.13578,3.0517988,73.67142857142856,76.73481,Good,Good
8.0,8.15,3.2,7.667576,8.076059,3.220148,75.87142857142857,74.405304,Good,Good
8.2,8.21,3.0,8.211394,8.156986,3.1665504,77.8142857142857,77.09917,Good,Good
8.4,8.16,3.1,8.549618,8.215156,2.986442,78.42857142857143,79.62163,Good,Good
7.8,8.03,3.2,7.0495515,7.9119277,3.5873969,75.38571428571429,69.815125,Good,Medium
7.4,7.89,3.4,7.8803864,8.0327425,3.327171,72.78571428571428,75.01286,Good,Good
7.2,8.03,3.4,7.3380437,7.9258704,3.5180602,71.18571428571428,71.613846,Good,Good
7.0,7.9,3.4,7.1931863,7.981762,3.4704027,70.74285714285713,70.93597,Good,Good
7.2,7.88,3.4,6.8951845,7.901974,3.4990234,71.82857142857142,69.61618,Good,Medium
7.0,7.84,3.4,7.106144,7.903774,3.4976845,71.0,70.671295,Good,Good
7.5,8.03,3.3,6.8820896,7.87212,3.5039144,73.28571428571429,69.64931,Good,Medium
7.8,8.05,3.2,7.5511446,7.9992266,3.3619986,75.3,73.30133,Good,Good
8.0,8.09,3.0,7.872904,8.035363,3.2724216,77.32857142857142,75.292725,Good,Good
8.2,8.05,3.2,8.175925,8.08644,3.1052969,77.3,77.591675,Good,Good
8.0,8.42,3.7,7.385152,8.183917,3.8633792,71.71428571428571,68.671555,Good,Medium
7.8,8.38,3.8,7.7092576,8.226713,3.7699175,70.28571428571428,70.66944,Good,Good
6.8,8.32,4.2,7.555912,8.201517,3.8617578,63.14285714285714,69.459656,Medium,Medium
6.3,8.32,4.3,6.8598547,8.134791,4.0867825,60.042857142857144,64.91519,Medium,Medium
6.6,8.24,4.3,6.638571,8.10578,4.158025,61.885714285714286,63.50565,Medium,Medium
6.8,8.4,4.1,6.6561666,8.071785,4.202696,63.4,63.471294,Medium,Medium
7.0,8.38,3.9,6.9222765,8.188688,4.203562,65.68571428571428,64.29564,Medium,Medium
6.8,8.41,3.7,7.0968504,8.2021675,4.045064,65.75714285714285,66.06172,Medium,Medium
7.2,8.4,3.6,7.0163865,8.203906,3.87921,68.4,66.64708,Medium,Medium
8.3,8.36,3.4,7.386263,8.243904,3.7863207,75.27142857142857,68.88238,Good,Medium
8.6,8.37,3.1,8.64086,8.320352,3.626516,78.52857142857144,75.786545,Good,Good
9.9,8.26,3.0,9.086455,8.347162,3.3210807,86.1,79.73225,Good,Good
7.8,8.37,3.8,7.349804,8.22254,4.0206623,70.32857142857144,67.38559,Good,Medium
7.8,8.36,3.9,7.5565414,8.196659,3.8174248,69.77142857142857,69.749626,Medium,Medium
6.9,8.33,4.2,7.5272365,8.192749,3.9159074,63.599999999999994,69.02895,Medium,Medium
6.4,8.29,4.2,6.9172797,8.143658,4.094864,61.27142857142857,65.11583,Medium,Medium
6.5,8.18,4.4,6.6743727,8.0975,4.097982,61.04285714285713,64.0804,Medium,Medium
6.7,8.38,4.1,6.5687203,8.03453,4.217472,62.98571428571428,63.105072,Medium,Medium
7.0,8.4,3.9,6.8500404,8.166903,4.172761,65.6,64.21262,Medium,Medium
6.7,8.44,3.7,7.1190505,8.210083,4.0685954,65.12857142857143,65.99761,Medium,Medium
7.1,8.41,3.6,6.962776,8.204681,3.8946717,67.85714285714286,66.282936,Medium,Medium
8.2,8.39,3.4,7.2915463,8.234293,3.7887583,74.64285714285714,68.435356,Good,Medium
8.7,8.35,3.1,8.58795,8.335558,3.6241837,79.11428571428573,75.47083,Good,Good
10.0,8.26,2.9,9.189524,8.346924,3.3303022,87.19999999999999,80.19328,Good,Good
8.1,8.44,3.7,7.321122,8.196651,3.898788,72.12857142857142,68.08438,Good,Medium
7.6,8.34,3.9,7.750694,8.215949,3.7819881,68.85714285714285,70.850334,Medium,Good
6.6,8.37,4.3,7.374511,8.165501,3.8971665,61.328571428571436,68.49456,Medium,Medium
6.6,8.26,4.3,6.75571,8.130152,4.1289396,61.8,64.16141,Medium,Medium
6.4,8.23,4.3,6.6722755,8.071338,4.1521916,60.92857142857143,63.85678,Medium,Medium
6.8,8.39,4.0,6.5506063,8.048573,4.1664557,64.04285714285714,63.260418,Medium,Medium
7.0,8.36,3.8,6.9247065,8.178426,4.1197,66.37142857142858,64.854935,Medium,Medium
6.9,8.4,3.8,7.085428,8.181913,3.9570627,65.7,66.61942,Medium,Medium
7.0,8.39,3.7,7.10837,8.2187805,3.9646225,66.84285714285714,66.53078,Medium,Medium
8.0,8.32,3.5,7.2016377,8.223202,3.8639288,73.34285714285714,67.58233,Good,Medium
8.6,8.31,3.2,8.259788,8.276897,3.6804214,78.18571428571428,73.743996,Good,Good
9.8,8.23,3.0,9.014626,8.316839,3.4142432,85.72857142857143,78.94408,Good,Good
7.6,8.31,4.0,7.198806,8.184737,3.9696136,68.38571428571429,67.09891,Medium,Medium
7.8,8.32,4.2,7.35871,8.146278,3.9473655,68.14285714285714,68.19673,Medium,Medium
6.8,8.34,4.2,7.4118547,8.152996,4.127019,63.05714285714285,67.35575,Medium,Medium
6.2,8.29,4.4,6.8354,8.123856,4.110755,59.07142857142857,64.695946,Medium,Medium
6.7,8.25,4.2,6.540701,8.0652075,4.192977,62.942857142857136,62.980465,Medium,Medium
6.9,8.41,4.2,6.7085514,8.067081,4.148621,63.25714285714285,64.07783,Medium,Medium
6.8,8.38,4.0,6.961483,8.189567,4.30159,64.08571428571429,63.899734,Medium,Medium
6.7,8.37,4.1,6.894869,8.166407,4.1113386,63.02857142857143,64.80743,Medium,Medium
7.0,8.35,3.9,6.839698,8.163748,4.176435,65.81428571428572,64.15239,Medium,Medium
8.1,8.36,3.5,7.0676107,8.178133,4.0203724,73.67142857142858,66.16669,Good,Medium
8.3,8.3,3.3,8.381689,8.30266,3.7386022,76.12857142857143,73.894005,Good,Good
9.7,8.21,3.1,8.616692,8.281528,3.5216882,84.71428571428571,76.461075,Good,Good
7.6,8.02,2.5,7.95958,7.9884505,2.8398237,78.62857142857143,78.52274,Good,Good
7.8,8.01,2.6,8.002512,8.003569,2.7069209,79.07142857142858,79.47003,Good,Good
7.8,8.09,2.4,8.125081,8.026617,2.6877325,79.92857142857142,80.09922,Good,Good
8.1,8.14,2.5,8.21144,8.140426,2.5959082,80.61428571428571,80.594215,Good,Good
8.0,8.16,2.5,8.484766,8.193674,2.597215,80.02857142857142,81.7248,Good,Good
8.0,8.16,2.4,8.430016,8.198633,2.5945373,80.62857142857142,81.44586,Good,Good
8.1,8.12,2.4,8.467921,8.208468,2.526114,81.3,82.00378,Good,Good
7.9,8.14,2.5,8.54163,8.204566,2.5001447,79.61428571428571,82.54485,Good,Good
8.3,8.17,2.6,8.362957,8.190695,2.5688434,80.8857142857143,81.298744,Good,Good
8.8,8.23,2.5,8.688067,8.235244,2.5799139,83.72857142857143,82.666954,Good,Good
8.9,8.31,2.5,9.138791,8.292646,2.4815142,83.88571428571429,85.26496,Good,Good
8.9,8.26,2.4,9.197831,8.309334,2.482076,84.69999999999999,85.485275,Good,Good
6.1,7.09,1.8,6.6248407,7.457458,2.1756206,79.31428571428572,78.109955,Good,Good
7.3,7.2,2.0,6.702847,7.446777,1.9947406,83.64285714285714,79.631035,Good,Good
5.6,7.39,2.4,7.819062,7.3503737,1.7598706,71.92857142857143,87.034485,Good,Good
7.1,6.77,1.8,6.679382,7.336132,2.1503658,83.71428571428571,79.05415,Good,Good
7.5,7.01,2.0,7.7206206,7.1634793,1.5630772,85.45714285714286,88.52402,Good,Good
7.3,7.17,2.9,7.8834963,7.175139,1.5589889,78.37142857142857,89.31295,Good,Good
7.6,7.32,2.2,7.473229,7.2146,2.0183794,83.42857142857143,84.33616,Good,Good
7.5,7.12,2.2,7.8196983,7.2424603,1.7224963,83.78571428571429,87.7244,Good,Good
7.8,7.04,2.3,7.9491944,7.165915,1.6900226,85.02857142857142,88.894775,Good,Good
7.3,7.09,2.5,8.127684,7.118637,1.6565602,81.11428571428571,90.19061,Good,Excellent
8.5,7.03,2.8,7.823351,7.1332955,1.8491461,85.57142857142857,87.450615,Good,Good
8.2,7.17,2.3,8.535271,7.055697,1.7898463,86.47142857142858,91.698586,Good,Excellent
6.0,7.17,1.8,6.718966,7.2454133,2.3093562,78.47142857142858,78.68692,Good,Good
7.2,7.06,2.1,6.7989855,7.327946,1.8985832,83.14285714285714,81.19795,Good,Good
5.5,7.47,2.4,7.81643,7.1856346,1.7247027,71.08571428571429,87.93836,Good,Good
7.2,6.92,2.0,6.5484276,7.397007,2.163095,83.65714285714286,78.06211,Good,Good
7.6,6.99,1.9,7.837454,7.185061,1.5627949,86.55714285714285,89.01738,Good,Good
7.4,7.21,2.8,8.026872,7.202856,1.4777298,79.3,90.398605,Good,Excellent
7.7,7.3,2.3,7.5203376,7.2454004,1.9689422,83.41428571428573,84.73632,Good,Good
7.4,7.21,2.1,7.853121,7.2547054,1.721204,83.5,87.84679,Good,Good
7.7,7.09,2.4,7.8629603,7.255727,1.6742549,83.71428571428571,88.1733,Good,Good
7.5,6.78,2.5,8.037927,7.1859097,1.6905181,81.55714285714285,89.24977,Good,Good
8.3,7.04,2.9,7.9120483,7.142404,1.7688473,83.92857142857144,88.33686,Good,Good
8.3,7.04,2.3,8.365846,7.0835733,1.844296,87.52857142857144,90.40529,Good,Excellent
6.4,7.11,2.7,7.008996,7.3393083,2.4698853,75.32857142857142,78.77149,Good,Good
5.8,7.07,2.8,6.8700547,7.298266,2.5275788,71.9,77.906525,Good,Good
5.4,7.36,2.7,6.8689895,7.1998043,2.4278746,69.25714285714285,78.9214,Medium,Good
6.0,6.82,1.7,6.4690795,7.38656,2.5117447,79.02857142857142,75.61824,Good,Good
5.3,7.04,2.7,7.224773,7.2042136,1.8185766,70.12857142857143,84.337204,Good,Good
7.4,7.09,2.8,6.477789,7.3819532,2.5532236,79.81428571428572,75.432655,Good,Good
6.7,7.07,2.6,7.7617855,7.2320695,2.0098193,77.6,85.75543,Good,Good
7.4,7.37,2.8,7.380929,7.2652936,2.0810475,78.61428571428571,83.28139,Good,Good
7.4,7.09,2.7,7.53542,7.3525853,2.1918828,80.41428571428571,83.014725,Good,Good
7.2,7.07,2.4,7.814911,7.212367,1.9394672,81.3,86.52761,Good,Good
7.0,7.22,2.9,7.8930135,7.1861253,1.8457338,76.65714285714284,87.59299,Good,Good
7.8,7.2,1.7,7.514482,7.2394934,2.2639065,87.94285714285714,82.96257,Good,Good
7.5,7.33,1.3,7.965,7.6147,1.468116,88.28571428571429,88.38188,Good,Good
7.8,7.48,1.1,7.5280504,7.577507,1.6195323,90.34285714285713,85.44803,Excellent,Good
7.9,7.81,1.5,7.5856133,7.6008067,1.5131711,87.02857142857142,86.274155,Good,Good
7.5,7.3,2.4,7.5505342,7.5989056,1.5607978,81.81428571428572,85.82115,Good,Good
7.6,7.52,1.6,7.365412,7.5597205,1.926391,86.17142857142858,82.86992,Good,Good
7.3,7.36,1.4,7.475485,7.5503654,1.6342562,86.55714285714285,85.21318,Good,Good
7.2,7.9,1.5,7.373972,7.4997168,1.5061908,83.14285714285714,85.69107,Good,Good
7.6,7.7,2.0,7.2914724,7.566673,1.5851083,83.0,84.51812,Good,Good
8.5,8.12,2.1,7.3386297,7.534939,1.6452953,85.1,84.528786,Good,Good
8.3,7.65,1.4,7.6427107,7.6116166,1.540362,90.31428571428572,86.35017,Excellent,Good
8.5,7.86,1.9,7.666625,7.575326,1.5207586,87.41428571428571,86.7429,Good,Good
8.4,7.74,1.0,7.6972165,7.5913653,1.5607214,92.82857142857142,86.58733,Excellent,Good
