Actual_DO,Actual_pH,Actual_BOD,Pred_DO,Pred_pH,Pred_BOD,Actual_WQI,Predicted_WQI,Actual_Class,Predicted_Class
8.5,8.2,1.2,8.142873,8.195177,1.6987394,100.0,100.0,Excellent,Excellent
11.1,8.01,1.0,8.409036,8.136805,1.5353503,100.0,100.0,Excellent,Excellent
8.3,8.03,1.8,8.822648,8.000862,1.4704378,100.0,100.0,Excellent,Excellent
8.9,7.82,1.6,8.182224,8.065761,1.7129185,100.0,100.0,Excellent,Excellent
8.2,7.87,1.0,8.406114,7.910425,1.524508,100.0,100.0,Excellent,Excellent
8.5,7.75,1.5,8.32906,7.953126,1.3438854,100.0,100.0,Excellent,Excellent
8.1,7.51,2.1,8.480443,7.959817,1.5032616,94.0,100.0,Excellent,Excellent
9.5,8.06,1.7,7.7742076,7.801816,1.9214338,100.0,92.0,Excellent,Excellent
8.0,7.65,1.8,8.3284445,7.8940024,1.6026933,100.0,100.0,Excellent,Excellent
6.4,8.01,2.7,7.8011694,7.731646,1.8516471,86.0,92.0,Good,Excellent
5.9,7.89,2.7,6.9655905,7.6644545,2.0365267,78.0,86.0,Good,Good
7.8,7.44,1.9,6.7288055,7.689762,2.1165266,92.0,86.0,Excellent,Good
5.6,7.96,2.8,8.226721,7.961002,1.7421846,78.0,100.0,Good,Excellent
5.2,7.29,3.2,6.6781363,7.705844,2.143355,72.0,86.0,Good,Good
6.6,7.47,2.1,6.27586,7.5555224,2.5098257,86.0,86.0,Good,Good
5.6,7.2,2.7,6.693931,7.559041,2.1917,78.0,86.0,Good,Good
5.8,7.32,2.9,6.272996,7.50184,2.4456942,78.0,86.0,Good,Good
5.6,7.52,2.8,6.330239,7.5200458,2.5912018,78.0,86.0,Good,Good
5.4,7.42,1.5,6.3404913,7.5960374,2.5533373,84.0,86.0,Good,Good
7.0,7.38,2.3,6.336256,7.636947,2.1784298,86.0,86.0,Good,Good
8.6,7.4,1.6,7.220726,7.709828,2.1385207,100.0,86.0,Excellent,Good
9.0,7.42,1.0,7.865452,7.641485,1.4965806,100.0,92.0,Excellent,Excellent
8.5,8.27,1.0,7.916132,7.614777,1.376317,100.0,92.0,Excellent,Excellent
9.1,8.16,1.6,8.28285,7.9239726,1.4846163,100.0,100.0,Excellent,Excellent
8.1,7.9,2.1,8.202097,7.8306804,1.5313632,94.0,100.0,Excellent,Excellent
8.6,7.96,1.7,7.6012836,7.6992435,1.7219479,100.0,92.0,Excellent,Excellent
8.1,7.74,1.3,7.9182887,7.74658,1.5870345,100.0,92.0,Excellent,Excellent
7.5,7.77,2.1,7.8022847,7.715598,1.5817065,86.0,92.0,Good,Excellent
7.5,8.13,2.3,7.4343386,7.649011,1.8093834,86.0,92.0,Good,Excellent
8.5,7.38,1.3,7.5095334,7.7385178,1.7268766,100.0,92.0,Excellent,Excellent
6.9,7.58,2.5,7.682581,7.6926064,1.8028982,86.0,92.0,Good,Excellent
6.8,7.97,2.1,7.213315,7.641379,2.1038942,86.0,86.0,Good,Good
7.2,7.45,1.2,7.1426425,7.682732,1.9099067,92.0,92.0,Excellent,Excellent
6.7,7.57,2.5,7.012439,7.6850657,1.900952,86.0,92.0,Good,Excellent
7.1,7.77,2.0,6.9787703,7.6381097,2.1619933,92.0,86.0,Excellent,Good
8.2,7.75,1.2,7.342395,7.677411,1.9027475,100.0,92.0,Excellent,Excellent
7.3,7.73,1.9,7.632867,7.63949,1.5445598,92.0,92.0,Excellent,Excellent
7.5,7.57,1.7,7.391085,7.6384554,1.8005835,92.0,92.0,Excellent,Excellent
6.9,7.66,2.1,7.459273,7.599403,1.6867269,86.0,92.0,Good,Excellent
7.6,7.73,1.9,7.2047324,7.60544,1.876608,92.0,92.0,Excellent,Excellent
8.5,7.66,1.0,7.439167,7.6149297,1.7205126,100.0,92.0,Excellent,Excellent
7.2,7.46,2.0,7.566637,7.562836,1.4166205,92.0,92.0,Excellent,Excellent
7.2,7.73,1.6,7.380641,7.584731,1.7753459,92.0,92.0,Excellent,Excellent
8.5,7.43,1.5,7.240716,7.593484,1.6277893,100.0,92.0,Excellent,Excellent
8.2,7.51,1.4,7.6431694,7.538059,1.4833472,100.0,92.0,Excellent,Excellent
7.4,7.7,1.9,7.5809326,7.551029,1.4937739,92.0,92.0,Excellent,Excellent
7.8,7.23,1.3,7.3458805,7.575206,1.689415,92.0,92.0,Excellent,Excellent
7.5,7.68,1.5,7.517292,7.5061674,1.4763429,92.0,92.0,Excellent,Excellent
7.3,7.68,1.1,7.3705873,7.557746,1.5539258,92.0,92.0,Excellent,Excellent
8.0,7.75,1.0,7.209981,7.5584035,1.4421355,100.0,92.0,Excellent,Excellent
7.2,7.58,2.1,7.4703054,7.5694084,1.3751323,86.0,92.0,Good,Excellent
8.0,7.3,1.5,7.25089,7.5319233,1.7263453,100.0,92.0,Excellent,Excellent
8.0,7.51,2.1,7.5488048,7.5009785,1.4590461,94.0,92.0,Excellent,Excellent
8.3,7.5,2.0,7.440805,7.5162907,1.6639855,100.0,92.0,Excellent,Excellent
7.4,7.82,1.3,7.5895853,7.521658,1.5881337,92.0,92.0,Excellent,Excellent
7.6,7.32,1.3,7.2834873,7.5750794,1.5066054,92.0,92.0,Excellent,Excellent
7.5,7.38,1.1,7.4421906,7.490291,1.4548993,92.0,92.0,Excellent,Excellent
7.2,7.36,2.0,7.3633213,7.49953,1.4346925,92.0,92.0,Excellent,Excellent
7.2,7.56,1.6,7.244922,7.483268,1.6988411,92.0,92.0,Excellent,Excellent
7.4,7.55,1.9,7.2885776,7.5163054,1.5552987,92.0,92.0,Excellent,Excellent
6.0,7.79,1.4,7.3324175,7.5103846,1.6440241,92.0,92.0,Excellent,Excellent
8.1,7.63,2.3,6.692758,7.611902,1.7261992,94.0,92.0,Excellent,Excellent
7.7,7.7,1.3,7.4232883,7.4677243,1.7223392,92.0,92.0,Excellent,Excellent
8.4,8.2,2.4,8.656707,8.163309,2.4665854,94.0,94.0,Excellent,Excellent
8.2,8.3,2.6,8.65756,8.208318,2.568805,94.0,94.0,Excellent,Excellent
8.4,8.0,2.4,8.4883175,8.210806,2.6772046,94.0,94.0,Excellent,Excellent
8.4,8.0,2.2,8.533408,8.1490555,2.554182,94.0,94.0,Excellent,Excellent
8.2,8.0,2.6,8.5124655,8.14129,2.4803069,94.0,94.0,Excellent,Excellent
8.2,8.4,2.6,8.298214,8.097691,2.661258,94.0,94.0,Excellent,Excellent
8.0,8.4,2.6,8.466602,8.233558,2.6617856,94.0,94.0,Excellent,Excellent
8.0,7.8,2.2,8.376581,8.223084,2.6271124,94.0,94.0,Excellent,Excellent
8.4,8.2,2.6,8.283235,8.0855875,2.4751253,94.0,94.0,Excellent,Excellent
8.2,8.4,2.4,8.601197,8.203758,2.6432023,94.0,94.0,Excellent,Excellent
8.6,8.2,2.4,8.5456705,8.244861,2.5527108,94.0,94.0,Excellent,Excellent
8.4,8.2,2.6,8.759661,8.226184,2.5383005,94.0,94.0,Excellent,Excellent
8.6,8.2,2.6,8.6176,8.205933,2.6335073,94.0,94.0,Excellent,Excellent
8.5,8.3,2.8,8.740393,8.222899,2.6339514,94.0,94.0,Excellent,Excellent
9.2,7.2,1.8,8.67887,8.231503,2.7247086,100.0,94.0,Excellent,Excellent
9.8,7.1,1.6,8.817832,7.389257,2.0983741,100.0,94.0,Excellent,Excellent
9.1,7.2,1.7,9.546232,7.177932,1.5609078,100.0,100.0,Excellent,Excellent
9.8,7.1,1.8,8.714779,7.39108,1.8932545,100.0,100.0,Excellent,Excellent
9.0,7.2,1.6,9.68112,7.182004,1.499465,100.0,100.0,Excellent,Excellent
8.2,7.5,2.6,8.615721,7.440194,1.7774041,94.0,100.0,Excellent,Excellent
8.4,7.7,2.6,8.01019,7.736023,2.4110985,94.0,94.0,Excellent,Excellent
8.6,7.8,2.4,8.385779,7.6819344,2.29299,94.0,94.0,Excellent,Excellent
7.6,7.9,2.6,8.71403,7.6893244,2.1213753,86.0,94.0,Good,Excellent
7.9,8.0,2.4,8.016636,7.63527,2.3489406,86.0,94.0,Good,Excellent
7.5,7.6,2.4,8.152577,7.5816,2.1970937,86.0,94.0,Good,Excellent
7.6,7.7,1.4,7.8023663,7.6205134,2.3055077,92.0,86.0,Excellent,Good
7.6,7.5,1.6,7.690922,7.6001945,1.6726887,92.0,92.0,Excellent,Excellent
7.6,7.5,1.4,7.7586794,7.5910707,1.753185,92.0,92.0,Excellent,Excellent
7.5,7.6,1.2,7.6886563,7.57928,1.6579124,92.0,92.0,Excellent,Excellent
7.4,7.6,1.4,7.4878807,7.576662,1.5666208,92.0,92.0,Excellent,Excellent
7.6,7.5,1.6,7.406896,7.582365,1.6788938,92.0,92.0,Excellent,Excellent
6.4,7.6,1.4,7.6051917,7.5861797,1.7723773,92.0,92.0,Excellent,Excellent
6.9,7.6,1.4,6.6472197,7.6687007,1.9484643,92.0,92.0,Excellent,Excellent
7.0,7.8,1.2,6.977973,7.624642,1.7804725,92.0,92.0,Excellent,Excellent
6.7,7.6,1.6,6.981635,7.654497,1.6650712,92.0,92.0,Excellent,Excellent
6.7,7.5,1.2,6.9333305,7.5830913,1.695929,92.0,92.0,Excellent,Excellent
6.7,7.5,1.2,6.9675975,7.5469494,1.5326401,92.0,92.0,Excellent,Excellent
6.9,7.5,1.4,6.974456,7.546935,1.5071896,92.0,92.0,Excellent,Excellent
6.8,7.5,1.3,7.094987,7.530101,1.4761277,92.0,92.0,Excellent,Excellent
6.7,7.5,1.2,7.041583,7.538059,1.4786539,92.0,92.0,Excellent,Excellent
6.8,7.5,1.2,6.9838014,7.549392,1.4925511,92.0,92.0,Excellent,Excellent
6.8,7.5,1.3,7.029327,7.546053,1.4742961,92.0,92.0,Excellent,Excellent
6.9,7.5,1.3,7.0432763,7.545386,1.4765794,92.0,92.0,Excellent,Excellent
7.0,7.5,1.2,7.0655255,7.54907,1.4679852,92.0,92.0,Excellent,Excellent
7.2,7.5,1.1,7.084271,7.5361643,1.4429266,92.0,92.0,Excellent,Excellent
6.9,7.5,1.2,7.1293945,7.5266943,1.4155226,92.0,92.0,Excellent,Excellent
6.9,7.5,1.2,7.0696836,7.5217905,1.4332881,92.0,92.0,Excellent,Excellent
7.2,7.6,1.3,7.070198,7.517579,1.4276887,92.0,92.0,Excellent,Excellent
7.0,7.5,1.3,7.1532307,7.523052,1.4178412,92.0,92.0,Excellent,Excellent
6.9,7.5,1.2,7.1051106,7.511038,1.4279513,92.0,92.0,Excellent,Excellent
6.9,7.5,1.1,7.067149,7.5145855,1.427629,92.0,92.0,Excellent,Excellent
7.0,7.4,1.3,7.0581546,7.5163136,1.4207538,92.0,92.0,Excellent,Excellent
6.9,7.6,1.2,7.102617,7.4955535,1.4184965,92.0,92.0,Excellent,Excellent
7.1,7.5,1.1,7.0680056,7.525122,1.4260943,92.0,92.0,Excellent,Excellent
7.2,7.5,1.1,7.1090813,7.5042996,1.4005531,92.0,92.0,Excellent,Excellent
7.1,7.6,1.1,7.1321344,7.5003796,1.391589,92.0,92.0,Excellent,Excellent
7.2,7.5,1.2,7.1061916,7.520771,1.3979759,92.0,92.0,Excellent,Excellent
7.2,7.5,1.1,7.139446,7.501414,1.399287,92.0,92.0,Excellent,Excellent
7.2,7.5,1.1,7.129265,7.5010276,1.3915114,92.0,92.0,Excellent,Excellent
7.1,7.6,1.1,7.1296415,7.4996223,1.3896394,92.0,92.0,Excellent,Excellent
7.3,7.5,1.1,7.106902,7.518041,1.3927993,92.0,92.0,Excellent,Excellent
7.1,7.5,1.1,7.1513224,7.49679,1.379714,92.0,92.0,Excellent,Excellent
7.2,7.5,1.1,7.1060333,7.5017133,1.3913388,92.0,92.0,Excellent,Excellent
7.1,7.5,1.1,7.128918,7.4968653,1.3834907,92.0,92.0,Excellent,Excellent
7.5,7.6,1.2,7.1022,7.502415,1.390382,92.0,92.0,Excellent,Excellent
7.2,7.6,1.1,7.2006087,7.5012565,1.369298,92.0,92.0,Excellent,Excellent
7.2,7.6,1.2,7.12727,7.5137115,1.3807324,92.0,92.0,Excellent,Excellent
7.1,7.5,1.1,7.131191,7.512932,1.3908975,92.0,92.0,Excellent,Excellent
7.2,7.6,1.1,7.1027255,7.5028067,1.3928947,92.0,92.0,Excellent,Excellent
7.2,7.5,1.2,7.1242337,7.5161357,1.3825381,92.0,92.0,Excellent,Excellent
7.1,7.5,1.1,7.1307545,7.4995375,1.3929002,92.0,92.0,Excellent,Excellent
7.2,7.6,1.2,7.099728,7.505729,1.3947964,92.0,92.0,Excellent,Excellent
7.2,7.7,1.4,7.1313477,7.512989,1.3922443,92.0,92.0,Excellent,Excellent
7.2,7.5,1.4,7.133121,7.5286593,1.4236219,92.0,92.0,Excellent,Excellent
7.3,7.7,1.1,7.148315,7.5004945,1.4202495,92.0,92.0,Excellent,Excellent
7.2,7.5,1.3,7.141144,7.539142,1.3834287,92.0,92.0,Excellent,Excellent
7.3,7.6,1.2,7.136093,7.5043325,1.4144852,92.0,92.0,Excellent,Excellent
7.1,7.5,1.2,7.1452794,7.517444,1.3978113,92.0,92.0,Excellent,Excellent
7.2,7.5,1.1,7.1003942,7.50759,1.4136107,92.0,92.0,Excellent,Excellent
7.3,7.5,1.3,7.1188693,7.504687,1.3977387,92.0,92.0,Excellent,Excellent
7.2,7.5,1.2,7.165559,7.496715,1.4065949,92.0,92.0,Excellent,Excellent
7.3,7.5,1.1,7.1316376,7.4981384,1.4045697,92.0,92.0,Excellent,Excellent
7.2,7.5,1.2,7.146663,7.497442,1.3894941,92.0,92.0,Excellent,Excellent
7.4,7.6,1.1,7.131987,7.4970455,1.4037329,92.0,92.0,Excellent,Excellent
7.3,7.6,1.1,7.1700425,7.5076876,1.3780534,92.0,92.0,Excellent,Excellent
7.5,7.5,1.3,7.150962,7.508527,1.3805722,92.0,92.0,Excellent,Excellent
7.4,7.5,1.2,7.2158594,7.4847083,1.3879914,92.0,92.0,Excellent,Excellent
7.2,7.5,1.2,7.1949387,7.4823365,1.3807158,92.0,92.0,Excellent,Excellent
7.2,7.5,1.1,7.14464,7.488231,1.3932216,92.0,92.0,Excellent,Excellent
7.4,7.6,1.2,7.1398973,7.4894075,1.3844259,92.0,92.0,Excellent,Excellent
7.3,7.6,1.4,7.1912565,7.4964395,1.3758109,92.0,92.0,Excellent,Excellent
8.1,7.5,1.2,7.176372,7.495794,1.4116659,100.0,92.0,Excellent,Excellent
7.2,7.5,1.1,7.3389096,7.473296,1.3496871,92.0,92.0,Excellent,Excellent
7.8,7.5,1.2,7.152928,7.4945717,1.3851249,92.0,92.0,Excellent,Excellent
7.1,7.7,1.2,7.3024607,7.4782987,1.3599,92.0,92.0,Excellent,Excellent
8.1,7.5,1.2,7.1164856,7.5311937,1.4044292,100.0,92.0,Excellent,Excellent
7.3,7.5,1.1,7.3616943,7.479853,1.3513744,92.0,92.0,Excellent,Excellent
8.2,7.5,1.2,7.19737,7.493363,1.3761475,100.0,92.0,Excellent,Excellent
7.2,7.7,1.3,7.402398,7.481057,1.345829,92.0,92.0,Excellent,Excellent
7.2,7.5,1.2,7.1629553,7.5254035,1.4134443,92.0,92.0,Excellent,Excellent
7.0,7.8,1.3,7.181962,7.500863,1.395885,92.0,92.0,Excellent,Excellent
7.3,7.5,1.2,7.096403,7.559669,1.44188,92.0,92.0,Excellent,Excellent
7.1,7.6,1.3,7.2010713,7.502499,1.3909545,92.0,92.0,Excellent,Excellent
8.2,7.6,1.2,7.139387,7.518995,1.4174834,100.0,92.0,Excellent,Excellent
8.2,7.5,1.2,7.3818207,7.510994,1.3519793,100.0,92.0,Excellent,Excellent
8.1,7.5,1.3,7.404015,7.500437,1.3632165,100.0,92.0,Excellent,Excellent
8.6,8.2,2.8,8.789922,8.270048,2.6713138,94.0,94.0,Excellent,Excellent
8.4,8.2,2.6,8.746153,8.227546,2.7780035,94.0,94.0,Excellent,Excellent
8.2,8.0,2.6,8.59492,8.203373,2.7100494,94.0,94.0,Excellent,Excellent
8.4,8.2,2.4,8.327985,8.084057,2.6901562,94.0,94.0,Excellent,Excellent
8.6,8.2,2.6,8.562544,8.181137,2.624423,94.0,94.0,Excellent,Excellent
8.4,8.4,2.4,8.665229,8.202923,2.712224,94.0,94.0,Excellent,Excellent
8.4,8.2,2.6,8.641138,8.255991,2.6060958,94.0,94.0,Excellent,Excellent
8.4,8.3,2.6,8.5506935,8.194313,2.697176,94.0,94.0,Excellent,Excellent
8.6,8.4,2.6,8.587435,8.22146,2.6923876,94.0,94.0,Excellent,Excellent
8.6,8.4,2.6,8.771055,8.257515,2.6494389,94.0,94.0,Excellent,Excellent
9.6,7.1,1.6,8.801168,8.263864,2.6312666,100.0,94.0,Excellent,Excellent
10.5,7.0,1.5,9.410015,7.150027,1.7177594,100.0,100.0,Excellent,Excellent
9.5,7.2,1.7,9.620996,7.1543236,1.4398544,100.0,100.0,Excellent,Excellent
10.4,7.1,1.6,9.385135,7.230036,1.5927668,100.0,100.0,Excellent,Excellent
9.6,7.1,1.7,9.796758,7.202027,1.411308,100.0,100.0,Excellent,Excellent
8.6,8.2,2.4,9.469479,7.19488,1.4873595,94.0,100.0,Excellent,Excellent
8.2,8.1,2.4,8.639199,7.92367,2.2751272,94.0,94.0,Excellent,Excellent
8.8,8.4,2.6,8.422202,7.8682194,2.3053696,94.0,94.0,Excellent,Excellent
8.8,7.6,1.6,8.631775,7.8839903,2.3477364,100.0,94.0,Excellent,Excellent
7.8,8.0,1.8,8.743942,7.7414174,1.6500468,92.0,100.0,Excellent,Excellent
8.1,8.1,1.4,8.002834,7.8161488,1.8704884,100.0,100.0,Excellent,Excellent
7.6,7.5,1.4,8.099366,7.799565,1.6562138,92.0,100.0,Excellent,Excellent
7.5,7.5,1.4,7.9660187,7.7800093,1.7069649,92.0,92.0,Excellent,Excellent
7.6,7.6,1.2,7.8313,7.7742114,1.7412487,92.0,92.0,Excellent,Excellent
7.5,7.6,1.4,7.5855865,7.7306104,1.6343555,92.0,92.0,Excellent,Excellent
7.5,7.5,1.6,7.529485,7.732268,1.7646313,92.0,92.0,Excellent,Excellent
7.6,7.4,1.2,7.556589,7.7368703,1.9528366,92.0,92.0,Excellent,Excellent
7.0,7.6,1.6,7.3584476,7.7102113,1.9099094,92.0,92.0,Excellent,Excellent
6.6,7.5,1.4,6.9549294,7.663855,1.9562932,92.0,92.0,Excellent,Excellent
6.7,7.4,1.6,6.670229,7.6589503,2.021094,92.0,86.0,Excellent,Good
6.7,7.7,1.4,6.927871,7.57142,1.7843007,92.0,92.0,Excellent,Excellent
6.6,7.8,1.2,6.89124,7.6269913,1.7044761,92.0,92.0,Excellent,Excellent
7.0,7.6,1.2,6.8692145,7.665065,1.6590129,92.0,92.0,Excellent,Excellent
6.9,7.6,1.4,7.0947943,7.53352,1.4441187,92.0,92.0,Excellent,Excellent
6.6,7.6,1.4,7.0821857,7.5383887,1.4768603,92.0,92.0,Excellent,Excellent
6.8,7.5,1.3,6.956702,7.557656,1.5266035,92.0,92.0,Excellent,Excellent
6.7,7.5,1.2,7.0430346,7.5378294,1.477742,92.0,92.0,Excellent,Excellent
6.9,7.6,1.2,6.9909306,7.5440016,1.4833633,92.0,92.0,Excellent,Excellent
6.9,7.6,1.3,7.057798,7.5572844,1.4585071,92.0,92.0,Excellent,Excellent
6.8,7.6,1.3,7.0560617,7.5677085,1.4809899,92.0,92.0,Excellent,Excellent
6.9,7.5,1.4,7.0237155,7.5718966,1.4884061,92.0,92.0,Excellent,Excellent
7.0,7.4,1.2,7.069733,7.5529623,1.4770286,92.0,92.0,Excellent,Excellent
7.0,7.4,1.3,7.0765705,7.538154,1.4413887,92.0,92.0,Excellent,Excellent
7.0,7.6,1.3,7.091907,7.5273385,1.4390316,92.0,92.0,Excellent,Excellent
7.0,7.6,1.2,7.093957,7.539486,1.4435997,92.0,92.0,Excellent,Excellent
7.1,7.6,1.2,7.0835285,7.5404196,1.4361055,92.0,92.0,Excellent,Excellent
7.2,7.4,1.2,7.108909,7.536738,1.4258802,92.0,92.0,Excellent,Excellent
7.1,7.4,1.3,7.1448417,7.5005617,1.4045565,92.0,92.0,Excellent,Excellent
6.8,7.6,1.4,7.1295853,7.4983873,1.415396,92.0,92.0,Excellent,Excellent
7.0,7.6,1.1,7.04609,7.5270486,1.4615914,92.0,92.0,Excellent,Excellent
6.9,7.6,1.2,7.0775537,7.5274715,1.4167571,92.0,92.0,Excellent,Excellent
7.0,7.4,1.2,7.0612454,7.5280676,1.4308358,92.0,92.0,Excellent,Excellent
7.0,7.5,1.1,7.0922174,7.4941835,1.414354,92.0,92.0,Excellent,Excellent
7.1,7.6,1.2,7.084454,7.505846,1.4083409,92.0,92.0,Excellent,Excellent
7.1,7.6,1.2,7.110863,7.519526,1.4095591,92.0,92.0,Excellent,Excellent
7.3,7.6,1.1,7.1050854,7.5242047,1.4111428,92.0,92.0,Excellent,Excellent
7.1,7.5,1.2,7.1444936,7.519946,1.3877878,92.0,92.0,Excellent,Excellent
7.3,7.6,1.2,7.1095285,7.5068674,1.4079272,92.0,92.0,Excellent,Excellent
7.2,7.5,1.2,7.1573215,7.514392,1.3930976,92.0,92.0,Excellent,Excellent
7.3,7.6,1.1,7.133157,7.5058384,1.4022272,92.0,92.0,Excellent,Excellent
7.2,7.6,1.2,7.1419,7.5232706,1.38708,92.0,92.0,Excellent,Excellent
7.2,7.6,1.2,7.1262546,7.5215235,1.3999019,92.0,92.0,Excellent,Excellent
6.9,7.6,1.1,7.126615,7.520339,1.400253,92.0,92.0,Excellent,Excellent
7.4,7.5,1.1,7.04391,7.5351906,1.4189844,92.0,92.0,Excellent,Excellent
7.3,7.6,1.2,7.1628942,7.503415,1.3813522,92.0,92.0,Excellent,Excellent
7.0,7.5,1.1,7.1464596,7.518291,1.3922068,92.0,92.0,Excellent,Excellent
7.0,7.6,1.2,7.067841,7.5158625,1.4103367,92.0,92.0,Excellent,Excellent
7.4,7.6,1.3,7.076433,7.52745,1.4148189,92.0,92.0,Excellent,Excellent
7.4,7.6,1.3,7.181063,7.5130243,1.396113,92.0,92.0,Excellent,Excellent
7.4,7.7,1.3,7.180886,7.513818,1.3981526,92.0,92.0,Excellent,Excellent
7.4,7.7,1.3,7.177627,7.5330334,1.401768,92.0,92.0,Excellent,Excellent
7.1,7.8,1.2,7.175251,7.537621,1.4061345,92.0,92.0,Excellent,Excellent
7.3,7.6,1.2,7.0833845,7.579837,1.4256637,92.0,92.0,Excellent,Excellent
7.2,7.7,1.2,7.138465,7.5296164,1.4081197,92.0,92.0,Excellent,Excellent
7.0,7.6,1.3,7.105132,7.5539274,1.4177676,92.0,92.0,Excellent,Excellent
7.0,7.7,1.3,7.0655107,7.5385747,1.4471952,92.0,92.0,Excellent,Excellent
7.3,7.6,1.3,7.0518184,7.563252,1.4563162,92.0,92.0,Excellent,Excellent
7.3,7.6,1.2,7.1459885,7.535252,1.4260721,92.0,92.0,Excellent,Excellent
7.1,7.6,1.1,7.1321917,7.536912,1.416944,92.0,92.0,Excellent,Excellent
7.2,7.4,1.1,7.061724,7.548734,1.4302621,92.0,92.0,Excellent,Excellent
7.2,7.4,1.1,7.102252,7.51367,1.4177756,92.0,92.0,Excellent,Excellent
7.1,7.6,1.3,7.104126,7.5108085,1.4143504,92.0,92.0,Excellent,Excellent
7.3,7.8,1.1,7.0960855,7.5326824,1.4307721,92.0,92.0,Excellent,Excellent
7.3,7.6,1.2,7.1359134,7.5782237,1.3876256,92.0,92.0,Excellent,Excellent
7.7,7.6,1.1,7.138507,7.526742,1.4032896,92.0,92.0,Excellent,Excellent
7.4,7.6,1.1,7.231075,7.5179935,1.3686807,92.0,92.0,Excellent,Excellent
7.4,7.6,1.1,7.1623945,7.522867,1.3831701,92.0,92.0,Excellent,Excellent
7.2,7.6,1.2,7.1629653,7.5209947,1.3808694,92.0,92.0,Excellent,Excellent
7.1,7.5,1.1,7.1245847,7.5216365,1.4028916,92.0,92.0,Excellent,Excellent
7.3,7.6,1.2,7.09459,7.5142875,1.4065654,92.0,92.0,Excellent,Excellent
8.0,7.6,1.1,7.149839,7.5180793,1.3930478,100.0,92.0,Excellent,Excellent
7.2,7.6,1.2,7.3041506,7.5075746,1.3491925,92.0,92.0,Excellent,Excellent
7.8,7.6,1.1,7.132726,7.525545,1.4041479,92.0,92.0,Excellent,Excellent
7.2,7.7,1.2,7.2721233,7.5160556,1.3605741,92.0,92.0,Excellent,Excellent
8.0,7.5,1.2,7.1239147,7.546487,1.4058485,100.0,92.0,Excellent,Excellent
7.2,7.4,1.2,7.3235006,7.4960394,1.3649273,92.0,92.0,Excellent,Excellent
8.0,7.4,1.2,7.154475,7.496143,1.4056613,100.0,92.0,Excellent,Excellent
7.0,7.8,1.2,7.3477526,7.4759536,1.3651512,92.0,92.0,Excellent,Excellent
7.0,7.6,1.3,7.0919623,7.5666246,1.4216845,92.0,92.0,Excellent,Excellent
7.0,7.8,1.2,7.1035867,7.5261645,1.42965,92.0,92.0,Excellent,Excellent
7.0,7.6,1.1,7.082933,7.5717573,1.4258218,92.0,92.0,Excellent,Excellent
7.0,7.6,1.2,7.080633,7.542004,1.4171882,92.0,92.0,Excellent,Excellent
7.8,7.5,1.1,7.088591,7.5389204,1.4249506,92.0,92.0,Excellent,Excellent
7.9,7.3,1.1,7.2852554,7.503813,1.3640654,92.0,92.0,Excellent,Excellent
8.2,7.6,1.1,7.332472,7.4733744,1.3466966,100.0,92.0,Excellent,Excellent
9.8,7.6,1.0,9.881719,7.778226,0.945263,100.0,100.0,Excellent,Excellent
9.0,7.5,1.0,9.811515,7.703202,0.95526814,100.0,100.0,Excellent,Excellent
9.6,7.8,1.0,9.463888,7.6944017,1.0177583,100.0,100.0,Excellent,Excellent
10.8,7.5,1.2,9.705588,7.768049,0.9627198,100.0,100.0,Excellent,Excellent
9.6,7.4,1.0,10.216587,7.616057,0.9666712,100.0,100.0,Excellent,Excellent
9.8,7.4,1.0,9.745739,7.625577,0.97995377,100.0,100.0,Excellent,Excellent
9.8,7.7,1.0,9.830017,7.617481,0.968012,100.0,100.0,Excellent,Excellent
9.8,7.9,1.0,9.850984,7.735381,0.9601195,100.0,100.0,Excellent,Excellent
9.6,7.53,1.0,9.842254,7.7912354,0.964761,100.0,100.0,Excellent,Excellent
9.6,7.56,1.0,9.7872505,7.690687,0.9754313,100.0,100.0,Excellent,Excellent
9.8,7.68,1.2,9.787851,7.698745,0.9722587,100.0,100.0,Excellent,Excellent
9.8,7.94,1.0,9.87718,7.7331476,1.002659,100.0,100.0,Excellent,Excellent
9.0,7.05,1.2,9.850535,7.7974205,0.96199024,100.0,100.0,Excellent,Excellent
9.6,7.8,1.2,9.485948,7.497686,1.0750355,100.0,100.0,Excellent,Excellent
9.0,8.16,1.4,9.691568,7.7557316,1.099496,100.0,100.0,Excellent,Excellent
9.2,7.8,1.2,9.166882,7.8131013,1.2981551,100.0,100.0,Excellent,Excellent
9.6,8.12,1.2,9.354553,7.7797337,1.1853513,100.0,100.0,Excellent,Excellent
9.8,8.15,1.0,9.332054,7.8298497,1.2320521,100.0,100.0,Excellent,Excellent
9.8,7.64,1.0,9.365536,7.8320575,1.2061427,100.0,100.0,Excellent,Excellent
9.4,7.87,1.0,9.704812,7.7282066,1.0707122,100.0,100.0,Excellent,Excellent
9.2,8.24,1.2,9.349037,7.7984924,1.1780108,100.0,100.0,Excellent,Excellent
9.6,7.9,1.0,8.933782,7.8409314,1.3587403,100.0,100.0,Excellent,Excellent
10.4,7.63,1.0,9.354493,7.808116,1.2133782,100.0,100.0,Excellent,Excellent
10.4,7.16,1.0,9.92738,7.7014346,1.0489901,100.0,100.0,Excellent,Excellent
9.8,7.78,1.0,9.946869,7.539379,1.0037566,100.0,100.0,Excellent,Excellent
9.8,7.9,1.0,9.806424,7.782529,1.0053576,100.0,100.0,Excellent,Excellent
9.8,7.25,1.0,9.798028,7.8138814,1.003626,100.0,100.0,Excellent,Excellent
9.6,7.62,1.0,9.787271,7.599592,1.0175681,100.0,100.0,Excellent,Excellent
10.8,7.3,1.0,9.794888,7.739738,0.99519753,100.0,100.0,Excellent,Excellent
10.6,7.51,1.0,10.135589,7.5748067,0.9608979,100.0,100.0,Excellent,Excellent
10.2,7.49,1.0,10.13923,7.64077,0.93903065,100.0,100.0,Excellent,Excellent
9.6,7.21,1.0,10.033762,7.647338,0.9473717,100.0,100.0,Excellent,Excellent
10.2,7.29,1.0,9.762197,7.571297,1.001761,100.0,100.0,Excellent,Excellent
9.6,7.32,1.0,10.009692,7.56477,0.9519695,100.0,100.0,Excellent,Excellent
10.0,7.43,1.0,9.811648,7.576577,0.9757874,100.0,100.0,Excellent,Excellent
9.6,7.35,1.0,9.973505,7.5988317,0.94992256,100.0,100.0,Excellent,Excellent
9.4,7.26,1.0,9.793754,7.580999,0.9728949,100.0,100.0,Excellent,Excellent
9.6,7.3,1.0,9.684684,7.539057,1.0005704,100.0,100.0,Excellent,Excellent
9.4,7.1,1.0,9.741336,7.5017657,0.9994663,100.0,100.0,Excellent,Excellent
9.8,8.1,1.0,9.609645,7.4307346,1.0436933,100.0,100.0,Excellent,Excellent
9.8,7.69,1.0,9.826799,7.779705,1.0193274,100.0,100.0,Excellent,Excellent
9.6,7.97,1.0,9.847516,7.696293,0.9797913,100.0,100.0,Excellent,Excellent
9.8,8.31,1.0,9.706116,7.7800703,1.0096765,100.0,100.0,Excellent,Excellent
10.4,7.24,1.0,9.588508,7.8298388,1.0695635,100.0,100.0,Excellent,Excellent
10.2,7.3,1.0,10.009976,7.55751,0.9821671,100.0,100.0,Excellent,Excellent
10.4,7.9,1.0,9.944899,7.579892,0.98641765,100.0,100.0,Excellent,Excellent
10.6,7.14,1.0,10.007732,7.7626796,0.98766303,100.0,100.0,Excellent,Excellent
10.8,7.36,1.0,10.071874,7.536753,0.98140943,100.0,100.0,Excellent,Excellent
10.2,8.1,1.0,10.179923,7.5912714,0.97204304,100.0,100.0,Excellent,Excellent
10.4,7.29,1.0,9.928098,7.8187766,1.0215297,100.0,100.0,Excellent,Excellent
10.4,7.6,1.0,10.062903,7.592618,0.9841279,100.0,100.0,Excellent,Excellent
10.6,8.2,1.0,10.139761,7.6969867,0.96724224,100.0,100.0,Excellent,Excellent
10.4,8.1,1.0,10.11691,7.8336487,0.9992553,100.0,100.0,Excellent,Excellent
10.0,7.3,1.0,10.067594,7.823539,1.0010811,100.0,100.0,Excellent,Excellent
9.8,8.45,1.0,9.997058,7.628197,1.0149909,100.0,100.0,Excellent,Excellent
10.0,7.97,1.0,9.739862,7.880176,1.0781912,100.0,100.0,Excellent,Excellent
9.6,7.4,1.0,9.923927,7.8147273,1.0129896,100.0,100.0,Excellent,Excellent
9.2,7.8,1.0,9.864797,7.683797,1.0370764,100.0,100.0,Excellent,Excellent
9.4,7.6,1.0,9.66246,7.811846,1.0357139,100.0,100.0,Excellent,Excellent
9.2,8.1,1.0,9.741932,7.7577243,1.0414213,100.0,100.0,Excellent,Excellent
9.6,8.03,1.0,9.458968,7.854943,1.0788866,100.0,100.0,Excellent,Excellent
9.8,7.9,1.0,9.646711,7.8377824,1.0431392,100.0,100.0,Excellent,Excellent
9.8,8.35,1.0,9.717905,7.815061,1.0468613,100.0,100.0,Excellent,Excellent
9.8,8.35,1.0,9.52905,7.8796773,1.0902367,100.0,100.0,Excellent,Excellent
10.0,7.92,1.0,9.530361,7.879194,1.0833659,100.0,100.0,Excellent,Excellent
10.2,7.76,1.0,9.733479,7.8099494,1.0554273,100.0,100.0,Excellent,Excellent
10.4,7.91,1.0,9.789144,7.7678924,1.0755576,100.0,100.0,Excellent,Excellent
10.2,7.98,1.0,9.925383,7.7897573,1.010298,100.0,100.0,Excellent,Excellent
10.6,7.55,1.0,9.843365,7.8141117,1.0185667,100.0,100.0,Excellent,Excellent
10.8,7.46,1.0,10.024494,7.6895347,1.0209813,100.0,100.0,Excellent,Excellent
10.4,7.46,1.0,10.12051,7.6481843,1.0048281,100.0,100.0,Excellent,Excellent
10.6,7.57,1.0,10.031961,7.662061,1.0079718,100.0,100.0,Excellent,Excellent
10.2,7.57,1.0,10.134163,7.690653,0.98655534,100.0,100.0,Excellent,Excellent
10.4,7.49,1.0,10.057559,7.707922,0.98360276,100.0,100.0,Excellent,Excellent
10.0,7.4,1.1,10.113834,7.6705065,0.9782938,100.0,100.0,Excellent,Excellent
9.8,7.49,1.2,10.019909,7.645877,0.99237263,100.0,100.0,Excellent,Excellent
9.8,7.56,1.2,9.981353,7.677561,1.0110656,100.0,100.0,Excellent,Excellent
9.6,7.45,1.2,9.989071,7.70026,1.0124774,100.0,100.0,Excellent,Excellent
9.8,7.72,1.0,9.886094,7.6538467,1.0294102,100.0,100.0,Excellent,Excellent
9.6,7.55,1.0,9.972805,7.7450843,0.9625193,100.0,100.0,Excellent,Excellent
9.7,7.66,1.0,9.891644,7.6769524,0.9649539,100.0,100.0,Excellent,Excellent
8.0,7.52,1.0,9.914713,7.7178974,0.95926297,100.0,100.0,Excellent,Excellent
10.0,7.6,1.0,8.981235,7.6963935,1.0981286,100.0,100.0,Excellent,Excellent
8.8,7.53,1.0,9.835106,7.6736503,0.9523591,100.0,100.0,Excellent,Excellent
9.8,7.86,1.0,9.28933,7.686227,1.0363271,100.0,100.0,Excellent,Excellent
9.6,7.81,1.0,9.659781,7.769229,0.9726919,100.0,100.0,Excellent,Excellent
9.8,7.94,1.0,9.52675,7.7649155,0.99079406,100.0,100.0,Excellent,Excellent
9.9,7.83,1.0,9.55545,7.7960687,0.99882865,100.0,100.0,Excellent,Excellent
10.1,8.02,1.0,9.590348,7.769543,1.0007274,100.0,100.0,Excellent,Excellent
9.9,7.93,1.0,9.589389,7.8118696,1.0177965,100.0,100.0,Excellent,Excellent
10.2,8.19,1.0,9.483221,7.80269,1.041651,100.0,100.0,Excellent,Excellent
10.1,7.94,1.0,9.459259,7.851395,1.0632724,100.0,100.0,Excellent,Excellent
9.6,7.5,1.0,9.672729,7.712878,1.0036093,100.0,100.0,Excellent,Excellent
9.0,7.7,1.0,9.591897,7.684077,1.0104,100.0,100.0,Excellent,Excellent
9.6,7.3,1.2,9.375953,7.7784667,1.0162122,100.0,100.0,Excellent,Excellent
10.4,7.9,1.0,9.597686,7.5925674,1.0552652,100.0,100.0,Excellent,Excellent
9.2,7.6,1.0,9.943499,7.767984,0.964746,100.0,100.0,Excellent,Excellent
9.8,7.75,1.0,9.50591,7.7511425,1.0429187,100.0,100.0,Excellent,Excellent
9.6,8.2,1.4,9.762312,7.758292,0.9882499,100.0,100.0,Excellent,Excellent
9.4,8.33,1.2,9.5246525,7.8724875,1.1336645,100.0,100.0,Excellent,Excellent
10.0,8.33,1.0,9.381297,7.882291,1.1318313,100.0,100.0,Excellent,Excellent
9.6,7.36,1.2,9.644753,7.872428,1.0581456,100.0,100.0,Excellent,Excellent
9.4,8.22,1.2,9.705807,7.656791,1.1326652,100.0,100.0,Excellent,Excellent
9.0,8.0,1.2,9.410462,7.8706927,1.1474693,100.0,100.0,Excellent,Excellent
9.8,7.9,1.0,9.266756,7.8607864,1.1941812,100.0,100.0,Excellent,Excellent
9.4,7.85,1.4,9.654639,7.8124633,1.0741041,100.0,100.0,Excellent,Excellent
9.6,8.27,1.2,9.4732,7.847637,1.2471251,100.0,100.0,Excellent,Excellent
9.4,7.92,1.2,9.421728,7.8949957,1.1872442,100.0,100.0,Excellent,Excellent
9.2,7.43,1.2,9.354463,7.867897,1.2450321,100.0,100.0,Excellent,Excellent
9.6,7.1,1.2,9.279064,7.750067,1.3264115,100.0,100.0,Excellent,Excellent
8.2,7.8,1.0,9.646812,7.544272,1.1606152,100.0,100.0,Excellent,Excellent
9.4,7.9,1.5,8.4524555,7.8432856,1.3607582,100.0,100.0,Excellent,Excellent
10.2,7.5,1.0,9.280061,7.857314,1.2974801,100.0,100.0,Excellent,Excellent
10.0,7.2,1.0,9.766507,7.6585927,1.0448661,100.0,100.0,Excellent,Excellent
10.3,8.0,1.0,9.694233,7.56067,1.0465295,100.0,100.0,Excellent,Excellent
9.0,8.0,1.4,9.835757,7.8031282,1.0247321,100.0,100.0,Excellent,Excellent
10.0,8.2,1.0,9.259453,7.853439,1.2210455,100.0,100.0,Excellent,Excellent
9.5,8.1,1.0,9.6164465,7.8543463,1.0825619,100.0,100.0,Excellent,Excellent
10.0,8.1,1.2,9.408308,7.8503556,1.1056652,100.0,100.0,Excellent,Excellent
9.8,7.7,1.0,9.658308,7.842564,1.1029147,100.0,100.0,Excellent,Excellent
9.6,7.2,1.6,9.655188,7.75881,1.0617921,100.0,100.0,Excellent,Excellent
9.0,7.9,1.5,9.682456,7.535023,1.2334819,100.0,100.0,Excellent,Excellent
8.2,7.2,1.9,9.261782,7.854718,1.3125563,100.0,100.0,Excellent,Excellent
8.0,7.1,1.6,8.650692,7.602224,1.6181078,100.0,100.0,Excellent,Excellent
8.8,7.2,1.8,8.55427,7.57826,1.5202682,100.0,100.0,Excellent,Excellent
8.2,7.7,2.0,9.034279,7.5766673,1.540476,100.0,100.0,Excellent,Excellent
7.8,7.6,2.0,8.263805,7.682267,1.7707956,92.0,100.0,Excellent,Excellent
8.8,8.3,1.2,7.8956885,7.644097,1.8832946,100.0,92.0,Excellent,Excellent
8.5,7.1,1.0,8.31682,7.7815056,1.5965061,100.0,100.0,Excellent,Excellent
8.1,7.8,1.6,8.279536,7.5751185,1.5804925,100.0,100.0,Excellent,Excellent
9.1,7.6,1.6,8.08644,7.6734753,1.6306602,100.0,100.0,Excellent,Excellent
8.9,7.6,2.4,8.732638,7.6734385,1.4927692,94.0,100.0,Excellent,Excellent
8.2,8.0,1.6,8.358326,7.5792913,1.8180261,100.0,100.0,Excellent,Excellent
10.3,8.21,1.6,8.0806465,7.6792603,1.6110396,100.0,100.0,Excellent,Excellent
9.7,8.19,1.2,9.247904,7.7831907,1.499169,100.0,100.0,Excellent,Excellent
9.8,8.12,1.5,8.809963,7.8220844,1.5134962,100.0,100.0,Excellent,Excellent
10.0,8.27,1.8,8.987976,7.838799,1.5491585,100.0,100.0,Excellent,Excellent
8.9,7.9,2.0,9.072441,7.8508534,1.5661184,100.0,100.0,Excellent,Excellent
9.6,7.7,1.2,8.519634,7.7876263,1.7906576,100.0,100.0,Excellent,Excellent
9.2,8.16,2.0,8.815959,7.7573357,1.7131269,100.0,100.0,Excellent,Excellent
8.8,7.32,1.2,8.905689,7.8328204,1.6869156,100.0,100.0,Excellent,Excellent
9.0,8.12,1.6,8.38201,7.6972876,1.8136096,100.0,100.0,Excellent,Excellent
8.2,7.6,2.0,8.665472,7.828602,1.6931182,100.0,100.0,Excellent,Excellent
8.2,7.6,2.0,8.13574,7.7063723,1.9568269,100.0,100.0,Excellent,Excellent
8.8,8.1,1.8,8.027922,7.7153482,1.9489443,100.0,100.0,Excellent,Excellent
8.5,8.16,1.8,8.474546,7.810955,1.6927423,100.0,100.0,Excellent,Excellent
8.1,7.68,1.8,8.226502,7.7680063,1.6940031,100.0,100.0,Excellent,Excellent
8.4,7.46,1.6,8.027326,7.7310286,1.8668036,100.0,100.0,Excellent,Excellent
8.6,7.58,1.2,8.087105,7.722009,1.8820578,100.0,100.0,Excellent,Excellent
8.0,7.5,1.7,8.335467,7.7259793,1.5618598,100.0,100.0,Excellent,Excellent
8.7,7.79,1.4,7.9522543,7.663833,1.8181987,100.0,92.0,Excellent,Excellent
9.5,7.96,1.2,8.27567,7.7200513,1.5619276,100.0,100.0,Excellent,Excellent
9.6,7.9,1.2,8.709026,7.795252,1.4282963,100.0,100.0,Excellent,Excellent
9.8,7.4,1.0,8.748536,7.8016715,1.4588063,100.0,100.0,Excellent,Excellent
9.8,8.2,1.0,8.996273,7.596312,1.3708224,100.0,100.0,Excellent,Excellent
9.2,8.1,1.2,8.793487,7.848067,1.3802173,100.0,100.0,Excellent,Excellent
8.8,7.7,1.2,8.563512,7.827711,1.4158142,100.0,100.0,Excellent,Excellent
9.0,7.3,1.0,8.431654,7.779093,1.4931582,100.0,100.0,Excellent,Excellent
9.1,8.1,1.0,8.526081,7.632645,1.5093169,100.0,100.0,Excellent,Excellent
9.0,8.1,1.4,8.542728,7.803993,1.3698498,100.0,100.0,Excellent,Excellent
8.6,7.3,1.4,8.55639,7.782572,1.4149787,100.0,100.0,Excellent,Excellent
8.4,7.5,2.0,8.330636,7.6333303,1.6522439,100.0,100.0,Excellent,Excellent
7.2,7.05,2.2,8.16691,7.6259813,1.787427,86.0,100.0,Good,Excellent
7.4,7.41,2.0,7.4384484,7.4893527,1.8954837,92.0,92.0,Excellent,Excellent
7.6,7.46,2.4,7.496278,7.5862584,1.9847312,86.0,92.0,Good,Excellent
7.7,7.23,2.0,7.542211,7.5719028,2.0242956,92.0,86.0,Excellent,Good
8.1,7.31,1.6,7.5111904,7.5822763,2.012682,100.0,86.0,Excellent,Good
7.9,8.2,2.0,7.8444004,7.60854,1.7809565,92.0,92.0,Excellent,Excellent
8.3,8.1,1.0,7.807499,7.660443,1.7625413,100.0,92.0,Excellent,Excellent
8.6,8.1,1.2,7.887583,7.742296,1.6713824,100.0,92.0,Excellent,Excellent
8.1,7.76,1.8,8.045601,7.7736807,1.6799823,100.0,100.0,Excellent,Excellent
10.4,7.4,1.2,7.6941495,7.6205072,1.724529,100.0,92.0,Excellent,Excellent
11.4,7.8,1.2,9.523933,7.4850774,1.2450786,100.0,100.0,Excellent,Excellent
11.5,7.2,2.1,8.716874,7.181135,1.815342,94.0,100.0,Excellent,Excellent
7.3,7.3,1.2,10.113443,7.185396,1.6403437,92.0,100.0,Excellent,Excellent
7.6,7.3,1.1,8.431973,7.245166,1.4985659,92.0,100.0,Excellent,Excellent
7.8,7.2,1.0,8.602324,7.250139,1.438861,92.0,100.0,Excellent,Excellent
8.2,7.5,1.5,8.734552,7.2301903,1.4006977,100.0,100.0,Excellent,Excellent
8.3,7.2,1.8,8.726431,7.276469,1.5931716,100.0,100.0,Excellent,Excellent
8.5,6.5,1.5,8.912883,7.173912,1.6559969,100.0,100.0,Excellent,Excellent
8.5,7.1,1.6,8.838944,7.100996,1.5431001,100.0,100.0,Excellent,Excellent
8.6,7.5,1.7,8.992626,7.1740522,1.5701408,100.0,100.0,Excellent,Excellent
8.6,7.4,1.2,8.92234,7.274817,1.6440153,100.0,100.0,Excellent,Excellent
9.4,7.3,1.8,9.028795,7.2849674,1.3705012,100.0,100.0,Excellent,Excellent
9.8,7.7,1.6,9.372834,7.1991844,1.5568053,100.0,100.0,Excellent,Excellent
7.5,8.2,1.5,9.690207,7.5203767,1.3617136,92.0,100.0,Excellent,Excellent
9.2,7.0,2.1,7.8044868,7.64172,1.6601,94.0,92.0,Excellent,Excellent
7.9,7.9,1.2,9.33826,7.3124433,1.3586202,92.0,100.0,Excellent,Excellent
8.5,8.0,1.0,8.061209,7.657805,1.5619651,100.0,100.0,Excellent,Excellent
9.2,8.0,1.0,8.332211,7.7588577,1.5876082,100.0,100.0,Excellent,Excellent
8.5,8.1,1.4,8.665234,7.790284,1.5551524,100.0,100.0,Excellent,Excellent
8.6,8.3,1.3,8.350181,7.7825584,1.6860023,100.0,100.0,Excellent,Excellent
10.7,7.1,1.4,8.360462,7.809186,1.6692312,100.0,100.0,Excellent,Excellent
11.2,7.2,1.0,9.848277,7.459328,1.149928,100.0,100.0,Excellent,Excellent
10.7,7.3,1.0,9.950065,7.5320597,1.0532542,100.0,100.0,Excellent,Excellent
10.8,7.4,1.0,9.819092,7.5686507,1.0573916,100.0,100.0,Excellent,Excellent
11.0,7.2,1.2,9.8505945,7.597668,1.0488636,100.0,100.0,Excellent,Excellent
10.3,7.3,1.4,9.995356,7.5146804,1.0764928,100.0,100.0,Excellent,Excellent
9.5,7.0,1.4,9.998871,7.531475,1.0564045,100.0,100.0,Excellent,Excellent
9.6,7.5,2.0,9.559165,7.4386573,1.1043967,100.0,100.0,Excellent,Excellent
9.0,7.5,1.0,9.630944,7.598204,1.3736131,100.0,100.0,Excellent,Excellent
9.6,7.4,1.2,9.585348,7.6780896,1.0746671,100.0,100.0,Excellent,Excellent
7.6,7.3,1.4,9.766498,7.579635,1.0635422,92.0,100.0,Excellent,Excellent
7.8,7.4,1.2,8.86234,7.5849414,1.2978033,92.0,100.0,Excellent,Excellent
8.0,7.35,1.4,8.835084,7.4691315,1.3148777,100.0,100.0,Excellent,Excellent
9.1,7.2,1.5,8.874925,7.4040394,1.4278394,100.0,100.0,Excellent,Excellent
8.9,7.4,1.1,9.270325,7.2906556,1.3816133,100.0,100.0,Excellent,Excellent
9.0,7.3,1.2,9.214686,7.4219394,1.1892791,100.0,100.0,Excellent,Excellent
8.5,7.5,1.0,9.206244,7.337727,1.2426615,100.0,100.0,Excellent,Excellent
9.2,7.6,1.0,8.816405,7.4661727,1.1934052,100.0,100.0,Excellent,Excellent
11.0,7.5,1.3,8.977868,7.54787,1.141105,100.0,100.0,Excellent,Excellent
9.5,7.0,1.0,10.172916,7.4521794,1.081067,100.0,100.0,Excellent,Excellent
11.0,7.5,1.1,9.392365,7.3278766,1.1291399,100.0,100.0,Excellent,Excellent
11.0,7.4,1.4,10.121952,7.4745436,1.035073,100.0,100.0,Excellent,Excellent
10.3,7.5,1.0,10.217377,7.423852,1.1283245,100.0,100.0,Excellent,Excellent
12.0,7.5,1.2,9.901342,7.5301046,1.0140578,100.0,100.0,Excellent,Excellent
10.8,7.43,1.3,10.50187,7.529711,1.070933,100.0,100.0,Excellent,Excellent
11.0,7.5,1.4,10.305174,7.527762,1.0786697,100.0,100.0,Excellent,Excellent
10.6,7.6,2.3,10.389785,7.554045,1.0906651,94.0,100.0,Excellent,Excellent
11.4,7.5,2.2,10.282654,7.5458846,1.6470466,94.0,100.0,Excellent,Excellent
11.1,7.5,2.0,10.545294,7.5074763,1.4937284,100.0,100.0,Excellent,Excellent
11.2,7.5,2.2,10.542279,7.5295463,1.4566393,94.0,100.0,Excellent,Excellent
10.7,7.5,2.2,10.630028,7.519911,1.6390879,94.0,100.0,Excellent,Excellent
10.7,7.5,2.6,10.416984,7.504113,1.728588,94.0,100.0,Excellent,Excellent
9.0,7.5,2.5,10.278511,7.476506,2.087617,94.0,94.0,Excellent,Excellent
9.1,7.5,2.1,9.151718,7.432559,2.1788118,94.0,94.0,Excellent,Excellent
10.5,7.3,2.3,9.383469,7.4769554,1.9709451,94.0,100.0,Excellent,Excellent
9.4,7.5,2.1,10.218073,7.331141,2.0093772,94.0,94.0,Excellent,Excellent
8.5,7.5,2.3,9.619017,7.416592,1.9903785,94.0,100.0,Excellent,Excellent
9.2,7.5,2.4,9.087077,7.419217,2.1918995,94.0,94.0,Excellent,Excellent
9.2,7.5,2.1,9.487845,7.3526263,2.1691203,94.0,94.0,Excellent,Excellent
9.3,7.3,2.1,9.514845,7.3563247,2.0018806,94.0,94.0,Excellent,Excellent
11.2,7.5,2.0,9.559559,7.2487273,1.9007381,100.0,100.0,Excellent,Excellent
9.0,7.3,2.4,10.741842,7.3749886,1.7055087,94.0,100.0,Excellent,Excellent
11.5,7.0,2.2,9.323895,7.234429,2.054905,94.0,94.0,Excellent,Excellent
11.5,7.4,2.2,10.348089,7.2248764,1.8372821,94.0,100.0,Excellent,Excellent
11.5,7.3,2.1,10.754175,7.354891,1.7932553,94.0,100.0,Excellent,Excellent
11.6,7.3,1.9,10.71118,7.336191,1.7745912,100.0,100.0,Excellent,Excellent
12.1,7.2,1.6,10.76541,7.356641,1.7044686,100.0,100.0,Excellent,Excellent
12.4,7.4,1.5,10.801999,7.3719997,1.5923126,100.0,100.0,Excellent,Excellent
12.5,7.5,1.5,10.975221,7.4659567,1.5315089,100.0,100.0,Excellent,Excellent
11.6,7.2,1.6,11.045342,7.5287824,1.5159168,100.0,100.0,Excellent,Excellent
11.4,7.5,1.8,10.776012,7.4184723,1.5659294,100.0,100.0,Excellent,Excellent
11.5,7.4,1.7,10.889506,7.5058823,1.6212866,100.0,100.0,Excellent,Excellent
11.3,7.4,2.0,10.842456,7.495636,1.5542624,100.0,100.0,Excellent,Excellent
10.1,7.3,2.3,10.768641,7.460483,1.7613064,94.0,100.0,Excellent,Excellent
10.6,7.6,2.6,10.024914,7.3775034,2.1146057,94.0,94.0,Excellent,Excellent
10.2,7.6,2.7,10.378509,7.5262394,2.3198507,94.0,94.0,Excellent,Excellent
10.1,7.8,2.7,10.057212,7.5146084,2.4392014,94.0,94.0,Excellent,Excellent
9.4,7.25,2.7,10.094313,7.6823177,2.4106886,94.0,94.0,Excellent,Excellent
10.0,7.15,2.0,9.531938,7.368173,2.3563142,100.0,94.0,Excellent,Excellent
10.4,7.44,2.0,10.09236,7.35165,1.9230874,100.0,100.0,Excellent,Excellent
9.7,7.32,2.5,10.419468,7.4567966,1.8693905,94.0,100.0,Excellent,Excellent
10.0,7.4,2.3,9.845327,7.348724,2.2728784,94.0,94.0,Excellent,Excellent
10.1,7.34,2.4,10.127192,7.38244,2.1357505,94.0,94.0,Excellent,Excellent
10.2,7.32,2.3,10.185229,7.345875,2.1783118,94.0,94.0,Excellent,Excellent
10.4,7.28,2.2,10.292345,7.3305635,2.0839293,94.0,94.0,Excellent,Excellent
11.0,7.5,2.0,10.412724,7.321971,1.9896817,100.0,100.0,Excellent,Excellent
11.2,7.62,2.2,10.814237,7.43851,1.7955947,94.0,100.0,Excellent,Excellent
11.0,7.5,2.3,10.933313,7.5076942,1.8933128,94.0,100.0,Excellent,Excellent
11.4,7.48,1.9,10.791187,7.455943,1.999783,100.0,100.0,Excellent,Excellent
10.7,8.2,1.9,9.560108,8.262589,2.2784498,100.0,94.0,Excellent,Excellent
6.4,8.3,2.0,9.5723505,8.200881,1.8715687,92.0,100.0,Excellent,Excellent
7.6,8.1,2.1,7.3490868,8.199503,2.3367932,86.0,86.0,Good,Good
7.8,8.1,2.4,8.477894,8.193853,2.1065683,86.0,94.0,Good,Excellent
8.2,8.1,2.2,8.530762,8.192611,2.2386315,94.0,94.0,Excellent,Excellent
8.5,8.2,2.1,8.926523,8.218684,2.0490582,94.0,94.0,Excellent,Excellent
9.3,7.6,2.0,9.14801,8.2520275,1.9579866,100.0,100.0,Excellent,Excellent
9.7,8.0,1.7,8.584262,8.034498,2.1010535,100.0,94.0,Excellent,Excellent
10.7,8.4,2.0,8.897853,8.072925,1.7329028,100.0,100.0,Excellent,Excellent
7.2,7.8,1.2,9.524742,8.156248,1.7907728,92.0,100.0,Excellent,Excellent
7.2,7.8,2.5,7.2805767,7.93772,1.8576832,86.0,92.0,Good,Excellent
7.2,7.9,2.1,7.646144,7.8389626,2.1078534,86.0,86.0,Good,Good
8.1,8.2,2.2,7.7338624,7.9064994,1.9135994,94.0,92.0,Excellent,Excellent
8.2,8.1,2.6,8.347165,7.984939,1.7112551,94.0,100.0,Excellent,Excellent
8.8,7.2,2.4,8.07768,7.9442096,2.0544705,94.0,94.0,Excellent,Excellent
8.9,8.0,2.1,8.078844,7.750846,2.1883252,94.0,94.0,Excellent,Excellent
9.4,8.4,2.2,8.646934,7.984395,1.784942,94.0,100.0,Excellent,Excellent
10.8,8.4,2.0,8.976109,8.014423,1.8942883,100.0,100.0,Excellent,Excellent
11.0,8.4,2.3,9.505322,8.074009,1.7887037,94.0,100.0,Excellent,Excellent
10.4,8.22,1.8,9.589824,8.120006,1.9804964,100.0,100.0,Excellent,Excellent
11.8,8.47,1.7,9.37358,8.138443,1.7730808,100.0,100.0,Excellent,Excellent
8.8,8.29,3.7,9.575224,8.124308,1.7030495,88.0,100.0,Good,Excellent
9.2,8.46,4.0,7.8887367,8.205019,3.135913,88.0,80.0,Good,Good
7.4,8.42,1.6,7.9547086,8.281986,3.2247336,92.0,80.0,Excellent,Good
8.6,8.12,1.8,7.2739525,7.8869796,2.1831625,100.0,86.0,Excellent,Good
8.1,8.31,1.9,8.374067,8.053365,2.1419764,100.0,94.0,Excellent,Excellent
8.1,8.32,1.9,8.083964,7.9933257,2.201512,100.0,94.0,Excellent,Excellent
6.5,8.25,1.8,8.060328,7.9997587,2.2275891,92.0,94.0,Excellent,Excellent
7.3,8.36,2.8,6.8435774,7.872364,2.3169472,86.0,86.0,Good,Good
7.3,8.39,2.8,7.676721,8.054846,2.681224,86.0,86.0,Good,Good
10.8,8.45,2.9,7.72871,8.104259,2.7398744,94.0,86.0,Excellent,Good
10.9,8.31,3.2,9.88504,8.323671,2.655123,88.0,94.0,Good,Excellent
10.3,8.39,3.4,9.773508,8.32231,2.9233205,88.0,94.0,Good,Excellent
10.6,8.22,2.8,9.76113,8.371856,2.9610443,94.0,94.0,Excellent,Excellent
8.5,8.46,3.2,9.728166,8.305709,2.6703994,88.0,94.0,Good,Excellent
8.9,8.4,2.8,8.722532,8.331226,3.0014877,94.0,88.0,Excellent,Good
8.6,8.08,3.2,9.292381,8.3048725,2.5466664,88.0,94.0,Good,Excellent
8.6,8.45,3.3,8.837013,8.217521,2.806467,88.0,94.0,Good,Excellent
7.9,8.34,3.5,8.777361,8.34897,3.2171412,80.0,88.0,Good,Good
8.4,8.01,3.5,8.022347,8.279632,3.4267664,88.0,88.0,Good,Good
6.6,8.21,3.4,8.336426,8.111958,3.3325703,80.0,88.0,Good,Good
7.4,8.12,3.7,7.1194663,8.131029,3.443979,80.0,80.0,Good,Good
6.5,8.18,3.0,7.5554485,8.125191,3.5972261,86.0,80.0,Good,Good
6.7,8.27,2.9,7.0789185,8.117252,3.2714639,86.0,80.0,Good,Good
7.0,8.24,3.0,7.3373823,8.192347,3.176872,86.0,80.0,Good,Good
7.8,8.44,2.9,7.5680914,8.212251,3.1516035,86.0,80.0,Good,Good
8.6,8.4,3.1,8.416441,8.341381,3.0048296,88.0,88.0,Good,Good
8.6,8.41,3.0,9.201499,8.358237,3.0984726,94.0,88.0,Excellent,Good
10.4,8.32,3.0,9.2401085,8.364484,3.0281587,94.0,88.0,Excellent,Good
11.1,8.39,2.9,10.288269,8.37172,3.0877788,94.0,88.0,Excellent,Good
11.4,8.4,3.2,10.59576,8.348549,2.9423306,88.0,94.0,Good,Excellent
10.8,8.33,3.2,10.5816965,8.32905,3.105369,88.0,88.0,Good,Good
10.7,8.21,3.0,10.227833,8.347654,3.257934,94.0,88.0,Excellent,Good
8.6,8.26,3.1,9.844378,8.311716,3.227306,88.0,88.0,Good,Good
8.3,8.39,3.2,8.963682,8.278506,3.0123322,88.0,88.0,Good,Good
8.1,8.42,3.3,8.443007,8.28059,3.2349133,88.0,88.0,Good,Good
7.8,8.3,3.2,8.055605,8.266856,3.381505,80.0,88.0,Good,Good
7.8,8.3,3.2,7.909649,8.178678,3.169627,80.0,80.0,Good,Good
7.7,8.42,4.0,7.9072924,8.18088,3.1850262,80.0,80.0,Good,Good
6.9,8.36,4.6,7.4800673,8.243238,3.8980403,80.0,80.0,Good,Good
7.0,8.38,3.8,7.051908,8.190626,4.158361,80.0,80.0,Good,Good
7.0,8.38,3.8,7.1802225,8.2049055,3.8247952,80.0,80.0,Good,Good
7.0,7.96,3.6,7.1652613,8.197267,3.8477478,80.0,80.0,Good,Good
7.0,8.16,3.5,7.110321,8.028754,3.590312,80.0,80.0,Good,Good
7.1,8.11,3.5,7.2679415,8.128905,3.5137787,80.0,80.0,Good,Good
7.0,8.23,3.6,7.241308,8.109988,3.4614654,80.0,80.0,Good,Good
7.4,8.24,2.6,7.307249,8.183334,3.5049043,86.0,80.0,Good,Good
7.4,8.32,2.5,7.8478155,8.240192,2.8914044,86.0,86.0,Good,Good
8.4,8.38,2.3,7.897168,8.264506,2.8086448,94.0,86.0,Excellent,Good
8.5,8.41,2.2,9.052441,8.377267,2.49629,94.0,94.0,Excellent,Excellent
10.0,8.46,1.8,9.143285,8.383333,2.4086933,100.0,94.0,Excellent,Excellent
10.4,8.43,2.0,9.9468775,8.401516,1.9904357,100.0,100.0,Excellent,Excellent
8.2,8.3,3.0,8.289048,8.279406,3.0627494,94.0,88.0,Excellent,Good
8.2,8.3,3.1,8.582945,8.263472,3.0122013,88.0,88.0,Good,Good
8.5,8.3,3.2,8.581956,8.266548,3.059481,88.0,88.0,Good,Good
9.0,8.3,3.1,8.834815,8.277814,3.1254513,88.0,88.0,Good,Good
8.4,8.38,2.8,9.225198,8.302634,3.044682,94.0,88.0,Excellent,Good
8.8,8.37,3.2,8.856356,8.302942,2.8238256,88.0,94.0,Good,Excellent
8.8,8.29,2.5,9.049154,8.29933,3.0990086,94.0,88.0,Excellent,Good
9.6,8.34,2.9,9.049165,8.278517,2.6559443,94.0,94.0,Excellent,Excellent
8.5,8.24,3.2,9.320779,8.29124,2.8897934,88.0,94.0,Good,Excellent
8.7,8.32,3.0,8.619402,8.201469,3.055639,94.0,88.0,Excellent,Good
8.4,8.35,3.2,8.842346,8.24068,2.9241054,88.0,94.0,Good,Excellent
8.5,8.32,3.1,8.511453,8.219677,3.0563188,88.0,88.0,Good,Good
8.2,8.4,3.2,8.592357,8.208537,2.9792879,88.0,94.0,Good,Excellent
8.3,8.42,3.3,8.3109865,8.22585,3.0837665,88.0,88.0,Good,Good
7.8,8.45,3.4,8.333099,8.23442,3.1673837,80.0,88.0,Good,Good
8.0,8.43,3.5,7.9056067,8.257036,3.2950554,88.0,80.0,Good,Good
7.7,8.36,3.3,8.021067,8.251322,3.3714132,80.0,88.0,Good,Good
7.8,8.42,3.0,7.8804054,8.203188,3.222705,86.0,80.0,Good,Good
6.8,7.87,3.5,8.093491,8.233945,3.0052407,80.0,88.0,Good,Good
7.2,7.82,3.3,6.940755,7.9997864,3.4795742,80.0,80.0,Good,Good
6.5,7.78,3.3,7.347642,8.017361,3.379068,80.0,80.0,Good,Good
6.8,7.75,3.4,6.750957,7.980197,3.4547386,80.0,80.0,Good,Good
7.1,7.42,3.2,6.9522276,7.971398,3.527319,80.0,80.0,Good,Good
7.2,7.48,3.0,6.8931403,7.7838,3.625118,86.0,80.0,Good,Good
5.5,8.32,4.1,7.300003,7.845523,3.317431,72.0,80.0,Good,Good
8.5,8.12,3.0,6.6923084,8.136757,3.7050605,94.0,80.0,Excellent,Good
9.2,8.17,2.7,8.818767,8.206215,2.9490693,94.0,94.0,Excellent,Excellent
8.6,8.15,3.1,9.185899,8.238464,2.7249253,88.0,94.0,Good,Excellent
8.7,8.08,3.0,8.795004,8.17558,3.0771818,94.0,88.0,Excellent,Good
8.2,8.12,3.2,8.860156,8.151779,3.0364385,88.0,88.0,Good,Good
8.8,8.09,3.3,8.324795,8.069966,3.2565434,88.0,88.0,Good,Good
8.0,8.08,3.4,8.737925,8.07117,3.3149781,88.0,88.0,Good,Good
8.1,8.12,3.5,8.087514,8.010014,3.419914,88.0,88.0,Good,Good
7.7,7.98,3.5,8.116434,8.003774,3.479567,80.0,88.0,Good,Good
7.9,7.95,3.6,7.8653646,7.911691,3.459027,80.0,80.0,Good,Good
7.5,7.92,3.3,7.9712267,7.9329658,3.544075,80.0,80.0,Good,Good
8.0,7.88,3.5,7.524994,7.9497147,3.4168477,88.0,80.0,Good,Good
7.2,7.85,3.7,7.969329,7.9591637,3.5291667,80.0,80.0,Good,Good
7.4,8.05,3.8,7.2425575,7.906023,3.639296,80.0,80.0,Good,Good
7.3,7.88,3.6,7.4076624,7.9995914,3.7258096,80.0,80.0,Good,Good
7.5,7.85,3.6,7.279468,7.895503,3.652083,80.0,80.0,Good,Good
7.2,7.78,3.8,7.450029,7.887695,3.6916363,80.0,80.0,Good,Good
7.4,7.9,3.6,7.106554,7.8323975,3.800845,80.0,80.0,Good,Good
7.0,7.8,3.6,7.3025928,7.879576,3.6724653,80.0,80.0,Good,Good
7.3,7.75,3.8,6.891016,7.8172216,3.6653733,80.0,80.0,Good,Good
7.2,7.78,3.4,7.118578,7.8033338,3.7627544,80.0,80.0,Good,Good
7.5,7.85,3.2,7.1085405,7.8001814,3.5466893,80.0,80.0,Good,Good
7.8,7.98,3.0,7.4651537,7.8413844,3.3829732,86.0,80.0,Good,Good
8.0,7.88,3.2,7.828164,7.9209204,3.2156737,88.0,80.0,Good,Good
8.2,7.92,3.0,7.896,7.884122,3.3441978,94.0,80.0,Excellent,Good
8.3,7.95,2.8,8.11967,7.9034266,3.1934628,94.0,88.0,Excellent,Good
8.1,7.99,3.0,8.220916,7.902115,3.0464714,94.0,88.0,Excellent,Good
8.3,8.12,2.9,8.031434,7.914663,3.1941876,94.0,88.0,Excellent,Good
8.4,8.15,2.8,8.31508,8.023895,3.0964444,94.0,88.0,Excellent,Good
8.2,8.11,3.0,8.489627,8.077197,2.9964767,94.0,94.0,Excellent,Excellent
8.0,8.05,3.1,8.251667,8.050501,3.1536307,88.0,88.0,Good,Good
8.3,8.12,3.0,8.05752,8.016861,3.2181087,94.0,88.0,Excellent,Good
7.7,7.94,3.1,8.382785,8.095397,3.093934,80.0,88.0,Good,Good
7.5,7.88,3.3,7.8444433,7.9746175,3.1677601,80.0,80.0,Good,Good
7.2,7.88,3.1,7.6209717,7.940636,3.279986,80.0,80.0,Good,Good
7.3,7.88,3.0,7.41255,7.9249125,3.1978645,86.0,80.0,Good,Good
7.3,7.92,3.2,7.5351825,7.939903,3.1397743,80.0,80.0,Good,Good
7.2,7.85,3.3,7.4786205,7.9616456,3.2543597,80.0,80.0,Good,Good
7.5,7.92,3.1,7.3008986,7.9318037,3.3541791,80.0,80.0,Good,Good
7.1,7.85,3.2,7.6621404,7.9783087,3.2375016,80.0,80.0,Good,Good
7.0,7.73,3.2,7.1877146,7.9201326,3.3373375,80.0,80.0,Good,Good
6.8,7.72,3.3,7.008075,7.8563037,3.3819225,80.0,80.0,Good,Good
7.0,7.75,3.1,6.7897573,7.8372936,3.4429426,80.0,80.0,Good,Good
6.8,7.7,3.2,7.0280404,7.844287,3.3402665,80.0,80.0,Good,Good
7.2,7.72,2.8,6.745038,7.7927914,3.3603778,86.0,80.0,Good,Good
7.3,7.82,3.0,7.32403,7.8059144,3.0597146,86.0,80.0,Good,Good
7.4,7.85,2.9,7.3721375,7.8437657,3.153526,86.0,80.0,Good,Good
8.0,8.1,3.1,7.4888763,7.853306,3.0757003,88.0,80.0,Good,Good
7.9,8.02,3.2,7.9830036,8.022376,3.1465216,80.0,80.0,Good,Good
8.2,8.08,3.0,7.846696,7.9725447,3.2504482,94.0,80.0,Excellent,Good
7.2,8.31,3.6,8.058278,8.079772,3.7250507,80.0,88.0,Good,Good
6.4,8.12,3.6,7.598025,8.148043,3.5346332,80.0,80.0,Good,Good
6.6,7.74,3.8,7.254817,8.016509,3.5243556,80.0,80.0,Good,Good
6.8,7.82,3.2,7.1136036,7.832,3.6228454,80.0,80.0,Good,Good
7.3,8.12,3.2,7.326959,7.9030952,3.3256402,80.0,80.0,Good,Good
8.6,8.24,3.0,7.9228716,8.108293,3.27785,94.0,80.0,Excellent,Good
10.1,8.5,2.6,9.013467,8.257266,3.0142982,94.0,88.0,Excellent,Good
10.4,8.3,2.4,9.963662,8.3845005,2.7029986,94.0,94.0,Excellent,Excellent
5.7,8.6,2.7,9.889858,8.3350725,2.6292436,72.0,94.0,Good,Excellent
6.3,8.3,3.6,7.3100758,8.369102,3.127636,80.0,80.0,Good,Good
6.0,8.2,3.1,7.265369,8.265606,3.5064683,80.0,80.0,Good,Good
7.2,7.7,2.9,6.935829,8.164368,3.2668967,86.0,80.0,Good,Good
8.1,8.4,3.1,7.4483023,8.013169,3.1497333,88.0,80.0,Good,Good
8.3,7.9,3.3,8.790874,8.358634,3.0139828,88.0,88.0,Good,Good
8.4,7.9,3.3,8.871296,8.205301,3.147164,88.0,88.0,Good,Good
11.1,8.42,3.2,8.893168,8.205676,3.1563802,88.0,88.0,Good,Good
8.2,8.39,3.2,10.312725,8.336086,3.1149004,88.0,88.0,Good,Good
8.3,8.41,3.2,8.732445,8.329823,3.1248207,88.0,88.0,Good,Good
8.2,8.36,3.3,8.839239,8.344088,3.1169271,88.0,88.0,Good,Good
8.4,8.44,3.2,8.738932,8.320798,3.1850266,88.0,88.0,Good,Good
8.0,8.28,3.2,8.945549,8.361888,3.1407247,88.0,88.0,Good,Good
6.0,8.21,3.4,8.549222,8.265189,3.1070793,80.0,88.0,Good,Good
7.0,8.26,3.3,6.9874945,8.129455,3.3870168,80.0,80.0,Good,Good
6.4,8.16,3.4,7.6509285,8.178781,3.2589955,80.0,80.0,Good,Good
6.1,8.39,3.5,6.9861107,8.07159,3.4538221,80.0,80.0,Good,Good
8.6,8.42,3.3,7.025593,8.1947,3.561839,88.0,80.0,Good,Good
10.3,8.46,3.2,9.13874,8.366195,3.3021922,88.0,88.0,Good,Good
10.8,8.2,3.4,10.271231,8.379842,3.279407,88.0,88.0,Good,Good
9.0,8.46,3.6,10.082075,8.294601,3.688939,88.0,88.0,Good,Good
9.2,8.52,3.4,9.208589,8.383216,3.7464008,82.0,88.0,Good,Good
8.0,8.46,3.8,9.506935,8.404152,3.568031,88.0,88.0,Good,Good
8.6,8.32,3.6,8.099055,8.335593,3.999412,88.0,88.0,Good,Good
7.0,8.5,3.9,8.819207,8.296809,3.7322428,80.0,88.0,Good,Good
7.7,8.29,4.1,7.4497724,8.314929,4.065651,80.0,80.0,Good,Good
7.3,8.24,4.0,7.6419787,8.226491,4.201231,80.0,80.0,Good,Good
7.4,8.24,4.2,7.3586087,8.183944,4.0950465,80.0,80.0,Good,Good
6.1,8.24,4.3,7.149326,8.118185,4.292058,80.0,80.0,Good,Good
6.9,7.86,4.0,6.537761,8.04633,4.17587,80.0,80.0,Good,Good
6.1,7.92,3.2,6.915659,7.905357,3.984559,80.0,80.0,Good,Good
6.3,7.81,3.2,6.6103687,8.003809,3.5547936,80.0,80.0,Good,Good
6.3,7.87,3.3,6.7090826,7.999489,3.5112646,80.0,80.0,Good,Good
7.7,8.16,3.0,6.7838783,8.025436,3.5018475,86.0,80.0,Good,Good
8.2,8.36,3.6,8.2385645,8.202076,3.0630097,88.0,88.0,Good,Good
8.4,8.44,3.2,8.779736,8.333547,3.62007,88.0,88.0,Good,Good
10.9,8.4,3.1,9.177317,8.383347,3.2505696,88.0,88.0,Good,Good
10.9,8.4,3.1,10.662266,8.322289,3.0219827,88.0,88.0,Good,Good
10.6,8.45,3.4,10.624141,8.326103,3.0084972,88.0,88.0,Good,Good
10.4,8.43,3.4,10.401378,8.349813,3.2051663,88.0,88.0,Good,Good
10.2,8.4,3.2,10.24914,8.358822,3.2378788,88.0,88.0,Good,Good
8.6,8.28,3.4,10.136908,8.359921,3.1351447,88.0,88.0,Good,Good
8.2,8.36,3.5,8.763443,8.27296,3.387267,88.0,88.0,Good,Good
7.8,8.37,3.7,8.200053,8.29726,3.580098,80.0,88.0,Good,Good
7.9,8.43,4.6,7.806664,8.291497,3.7984927,80.0,80.0,Good,Good
7.8,8.37,4.2,7.403502,8.229723,4.269677,80.0,80.0,Good,Good
7.4,8.3,4.3,7.3437037,8.172422,4.112192,80.0,80.0,Good,Good
6.9,8.38,4.6,7.129541,8.135225,4.146932,80.0,80.0,Good,Good
6.2,8.35,4.4,6.881787,8.133731,4.2861114,80.0,80.0,Good,Good
6.0,8.18,4.4,6.6259975,8.088827,4.206589,80.0,80.0,Good,Good
6.4,7.9,3.8,6.4888897,8.014941,4.1908264,80.0,80.0,Good,Good
6.6,8.08,3.7,6.650712,7.9526563,3.8150778,80.0,80.0,Good,Good
6.5,7.92,3.7,6.8957253,8.060667,3.710381,80.0,80.0,Good,Good
6.6,8.05,3.8,6.655135,7.9722533,3.6579604,80.0,80.0,Good,Good
7.0,8.15,3.0,6.884966,8.058853,3.6359344,86.0,80.0,Good,Good
7.1,8.21,2.9,7.355441,8.154708,3.1940336,86.0,80.0,Good,Good
8.1,8.18,2.8,7.536056,8.195655,3.1069708,94.0,80.0,Excellent,Good
8.1,8.33,2.7,8.659534,8.286203,2.8528433,94.0,94.0,Excellent,Excellent
9.3,8.48,2.5,8.852896,8.357681,2.7683713,94.0,94.0,Excellent,Excellent
10.1,8.39,2.7,9.822605,8.42219,2.5375404,94.0,94.0,Excellent,Excellent
6.2,8.22,4.1,7.2828255,7.876238,4.244008,80.0,80.0,Good,Good
5.7,7.88,4.2,7.0622997,8.080344,3.9394677,72.0,80.0,Good,Good
6.2,7.66,4.4,6.59553,7.8405137,3.9024854,80.0,80.0,Good,Good
6.4,7.74,3.6,6.7379575,7.739357,4.0036016,80.0,80.0,Good,Good
7.0,8.06,3.5,6.875889,7.805626,3.639717,80.0,80.0,Good,Good
7.7,8.35,3.6,7.4226356,7.971482,3.5979204,80.0,80.0,Good,Good
10.0,8.4,2.9,8.30234,8.227737,3.6822696,94.0,88.0,Excellent,Good
5.4,8.3,2.7,9.869395,8.3296,2.9606876,78.0,94.0,Good,Excellent
6.2,8.5,3.1,6.633772,8.129258,3.2409573,80.0,80.0,Good,Good
6.6,8.7,4.4,7.3968387,8.313487,3.314821,74.0,80.0,Good,Good
6.0,8.2,3.2,7.927284,8.433888,4.0368576,80.0,80.0,Good,Good
7.0,7.8,3.6,6.8782887,8.134633,3.3875542,80.0,80.0,Good,Good
7.8,8.2,3.8,7.181659,7.990846,3.720057,80.0,80.0,Good,Good
8.0,8.3,3.5,8.347508,8.236873,3.7225876,88.0,88.0,Good,Good
8.4,8.0,3.7,8.614838,8.30294,3.4708524,88.0,88.0,Good,Good
10.6,8.4,3.6,8.769768,8.188498,3.6439705,88.0,88.0,Good,Good
11.7,8.3,3.7,10.184535,8.315472,3.6195126,88.0,88.0,Good,Good
10.7,8.39,3.4,10.11004,8.290639,3.6719215,88.0,88.0,Good,Good
10.6,8.2,3.4,10.291456,8.305691,3.4750144,88.0,88.0,Good,Good
7.9,8.36,3.6,10.097798,8.304767,3.5425215,80.0,88.0,Good,Good
8.0,8.32,3.2,8.15406,8.255295,3.702645,88.0,88.0,Good,Good
7.8,8.32,3.4,8.460691,8.249079,3.2783923,80.0,88.0,Good,Good
7.9,8.23,3.6,8.121047,8.237815,3.5171769,80.0,88.0,Good,Good
7.7,8.29,3.8,8.054574,8.155218,3.6075144,80.0,88.0,Good,Good
6.4,8.09,3.5,7.594478,8.152422,3.832073,80.0,80.0,Good,Good
6.0,8.28,4.0,6.874929,8.055459,3.6563044,80.0,80.0,Good,Good
8.5,8.39,3.6,6.803204,8.141416,3.9819374,88.0,80.0,Good,Good
10.5,8.32,3.3,8.494488,8.274628,3.8564434,88.0,88.0,Good,Good
10.9,8.24,3.8,10.025547,8.317459,3.5191066,88.0,88.0,Good,Good
8.5,8.64,3.9,9.687822,8.256466,3.9866996,82.0,88.0,Good,Good
8.8,7.47,3.6,8.359599,8.369833,4.159048,88.0,88.0,Good,Good
8.5,8.36,4.2,8.376606,7.9201202,3.9207168,88.0,88.0,Good,Good
8.5,8.31,3.5,8.186593,8.160155,4.1445045,88.0,88.0,Good,Good
7.9,8.38,4.1,8.646984,8.174818,3.5886643,80.0,88.0,Good,Good
8.6,8.24,4.3,7.791025,8.145878,4.111415,88.0,80.0,Good,Good
7.3,8.23,4.4,8.176935,8.063644,4.1830225,80.0,88.0,Good,Good
7.3,7.87,4.3,7.367765,8.035219,4.240348,80.0,80.0,Good,Good
6.3,7.86,4.5,7.3835297,7.7816105,4.146613,80.0,80.0,Good,Good
6.6,7.85,4.6,6.718408,7.7435703,4.206213,80.0,80.0,Good,Good
6.0,7.82,3.4,6.891329,7.7558537,4.3122845,80.0,80.0,Good,Good
6.2,8.1,3.5,6.5616693,7.7978754,3.5330794,80.0,80.0,Good,Good
6.2,8.09,3.4,6.6735506,7.911438,3.5265603,80.0,80.0,Good,Good
7.3,8.34,3.3,6.655545,7.922037,3.4770432,80.0,80.0,Good,Good
8.2,8.37,3.8,7.8458686,8.230735,3.431206,88.0,80.0,Good,Good
8.5,8.32,3.2,8.809169,8.330743,3.8511648,88.0,88.0,Good,Good
10.5,8.34,3.0,9.209414,8.304724,3.289302,94.0,88.0,Excellent,Good
11.0,8.37,3.1,10.556925,8.293799,3.0591235,88.0,88.0,Good,Good
10.7,8.42,3.2,10.645335,8.291409,3.0579057,88.0,88.0,Good,Good
10.2,8.4,3.6,10.480151,8.319624,3.116767,88.0,88.0,Good,Good
10.0,8.37,3.8,10.000969,8.33069,3.514285,88.0,88.0,Good,Good
8.7,8.2,3.4,9.61785,8.315609,3.7882428,88.0,88.0,Good,Good
8.2,8.18,3.6,8.913326,8.232076,3.4111052,88.0,88.0,Good,Good
8.0,8.42,3.5,8.298049,8.1932535,3.6567302,88.0,88.0,Good,Good
7.8,8.38,4.8,8.002699,8.292723,3.7649274,80.0,88.0,Good,Good
7.8,8.42,4.2,7.267031,8.182724,4.3830986,80.0,80.0,Good,Good
7.9,8.4,4.1,7.3902836,8.192989,4.103256,80.0,80.0,Good,Good
7.0,8.38,4.5,7.461214,8.183886,4.0490127,80.0,80.0,Good,Good
6.3,8.35,4.3,6.9679832,8.140613,4.240203,80.0,80.0,Good,Good
6.0,8.16,4.5,6.696008,8.093966,4.1568084,80.0,80.0,Good,Good
6.5,7.84,3.9,6.499562,7.9988055,4.21292,80.0,80.0,Good,Good
6.7,8.04,3.7,6.643646,7.887825,3.8787875,80.0,80.0,Good,Good
6.6,7.99,3.8,6.870757,7.998123,3.7381594,80.0,80.0,Good,Good
6.8,8.12,3.9,6.706173,7.9696712,3.6938605,80.0,80.0,Good,Good
7.0,8.14,3.3,7.0287213,8.080432,3.7266593,80.0,80.0,Good,Good
6.9,8.27,3.2,7.2946253,8.12918,3.3539672,80.0,80.0,Good,Good
7.9,8.3,3.0,7.3348494,8.1825285,3.2846355,86.0,80.0,Good,Good
8.4,8.36,2.9,8.566663,8.308345,2.9962213,94.0,94.0,Excellent,Excellent
9.5,8.45,2.8,9.199933,8.375237,2.9199827,94.0,94.0,Excellent,Excellent
10.1,8.42,3.1,10.004598,8.405506,2.844825,88.0,94.0,Good,Excellent
5.6,8.3,2.6,9.619998,8.296583,2.7771077,78.0,94.0,Good,Excellent
5.6,8.5,3.0,6.6075377,8.065053,3.1121979,78.0,80.0,Good,Good
6.0,8.6,4.6,6.8906426,8.215116,3.3591914,74.0,80.0,Good,Good
7.3,8.6,4.6,7.4143314,8.33296,4.304573,74.0,80.0,Good,Good
8.2,7.7,4.4,8.108441,8.389213,4.2695103,88.0,88.0,Good,Good
9.6,7.9,4.6,8.2957735,8.058465,4.128256,88.0,88.0,Good,Good
9.8,7.9,3.8,8.683249,8.172108,4.0200686,88.0,88.0,Good,Good
10.5,8.36,3.6,9.048808,8.126996,3.882454,88.0,88.0,Good,Good
10.6,8.1,3.5,10.126522,8.205217,3.701445,88.0,88.0,Good,Good
7.6,8.29,3.8,9.577918,8.138734,3.8610048,80.0,88.0,Good,Good
7.8,8.29,3.6,7.7593102,8.166171,4.0981193,80.0,80.0,Good,Good
7.6,8.2,3.5,8.039569,8.1695385,3.8980527,80.0,88.0,Good,Good
5.4,8.17,3.9,7.9048543,8.130884,3.733121,72.0,80.0,Good,Good
6.6,8.13,3.7,6.45923,7.9586434,3.947729,80.0,80.0,Good,Good
5.8,8.21,4.0,6.8801966,7.9745626,3.839152,72.0,80.0,Good,Good
8.4,8.39,4.2,6.61429,8.007376,4.0428457,88.0,80.0,Good,Good
10.2,8.36,3.6,8.125774,8.204322,4.3953085,88.0,88.0,Good,Good
10.6,8.31,4.1,9.940101,8.266783,3.8129892,88.0,88.0,Good,Good
8.1,8.68,4.2,9.542092,8.235175,4.188633,82.0,88.0,Good,Good
8.4,8.41,3.8,7.960736,8.334287,4.4125433,88.0,80.0,Good,Good
8.3,8.37,13.200001,8.42434,8.276606,4.1418695,76.0,88.0,Good,Good
8.3,8.27,3.7,7.330279,8.247462,4.741132,88.0,80.0,Good,Good
7.3,8.31,4.2,8.423409,8.218412,3.9607015,80.0,88.0,Good,Good
8.5,8.29,4.4,7.3248863,8.178775,4.359944,88.0,80.0,Good,Good
7.2,8.39,4.4,8.02858,8.1911125,4.604887,80.0,88.0,Good,Good
7.4,7.81,4.4,7.1179323,8.1611185,4.5508013,80.0,80.0,Good,Good
6.2,7.82,4.7,6.888158,7.9510274,4.2453585,80.0,80.0,Good,Good
6.4,7.82,4.7,6.4527955,7.9401145,4.290515,80.0,80.0,Good,Good
5.9,7.78,3.5,6.5544076,7.953535,4.3020267,72.0,80.0,Good,Good
6.0,8.06,3.6,6.4167747,7.940423,3.7575738,80.0,80.0,Good,Good
7.1,8.28,3.4,6.5831404,8.02398,3.6222453,80.0,80.0,Good,Good
7.9,8.36,4.0,7.4984665,8.177021,3.527752,80.0,80.0,Good,Good
8.3,8.24,3.6,8.359775,8.304254,4.1201906,88.0,88.0,Good,Good
11.7,8.46,3.3,8.782293,8.214547,3.6682649,88.0,88.0,Good,Good
10.8,8.34,3.2,10.700362,8.296466,3.1362827,88.0,88.0,Good,Good
10.5,8.4,3.6,10.462413,8.301658,3.2114563,88.0,88.0,Good,Good
10.0,8.38,4.2,10.1959715,8.314203,3.4855428,88.0,88.0,Good,Good
9.8,8.3,4.0,9.372212,8.308424,4.014988,88.0,88.0,Good,Good
8.2,8.18,4.4,9.242586,8.261286,4.0100536,88.0,88.0,Good,Good
8.1,8.16,3.7,7.996488,8.195284,4.321415,88.0,80.0,Good,Good
7.8,8.41,3.9,8.299556,8.165816,3.762407,80.0,88.0,Good,Good
7.5,8.3,4.4,7.703154,8.263649,4.229286,80.0,80.0,Good,Good
7.5,8.4,4.4,7.1743345,8.14688,4.3804665,80.0,80.0,Good,Good
7.4,8.3,4.3,7.158603,8.155341,4.343648,80.0,80.0,Good,Good
6.8,8.35,4.8,7.118246,8.116398,4.266844,80.0,80.0,Good,Good
6.2,8.31,4.4,6.8083267,8.096642,4.4661617,80.0,80.0,Good,Good
5.8,8.12,4.6,6.5714607,8.046934,4.2888536,72.0,80.0,Good,Good
6.3,7.87,4.1,6.375921,7.9545507,4.3379765,80.0,80.0,Good,Good
6.5,7.92,4.0,6.5022726,7.866774,4.034661,80.0,80.0,Good,Good
6.4,7.86,3.9,6.631734,7.906005,3.9520497,80.0,80.0,Good,Good
6.6,8.01,4.2,6.510625,7.8840218,3.7826254,80.0,80.0,Good,Good
6.8,8.05,3.4,6.7576437,7.9815454,3.9417386,80.0,80.0,Good,Good
6.6,8.2,3.5,7.024974,8.051959,3.4426346,80.0,80.0,Good,Good
7.7,8.38,3.3,6.9984455,8.105528,3.4256597,80.0,80.0,Good,Good
8.3,8.3,3.1,8.486619,8.336874,3.223435,88.0,88.0,Good,Good
9.3,8.4,3.0,9.055601,8.335794,3.0948038,94.0,88.0,Excellent,Good
9.9,8.4,3.2,9.896456,8.364246,3.0617688,88.0,88.0,Good,Good
5.2,7.89,5.6,6.555304,7.760479,4.6683064,66.0,80.0,Moderate,Good
5.0,7.71,5.4,6.5603704,7.8001,4.4977374,66.0,80.0,Moderate,Good
6.1,7.62,5.8,6.4488945,7.730535,4.3573856,74.0,80.0,Good,Good
6.3,7.73,4.8,6.867534,7.7358475,4.577529,80.0,80.0,Good,Good
6.5,7.95,4.0,6.8373294,7.7413,4.2255964,80.0,80.0,Good,Good
5.6,8.4,3.0,6.879232,7.853228,3.8517942,78.0,80.0,Good,Good
5.7,8.3,2.8,6.6230755,8.049002,3.340954,78.0,80.0,Good,Good
6.3,8.5,3.2,6.5858517,8.036166,3.235725,80.0,80.0,Good,Good
7.0,8.5,5.4,7.1608915,8.194816,3.3587704,74.0,80.0,Good,Good
8.7,7.7,5.2,7.8193736,8.3131275,4.5551805,82.0,80.0,Good,Good
9.5,7.8,4.8,8.623664,8.283006,3.987619,88.0,88.0,Good,Good
9.5,7.7,4.8,8.920152,8.267177,3.88032,88.0,88.0,Good,Good
9.6,7.7,3.6,8.86996,8.270382,3.8057823,88.0,88.0,Good,Good
6.1,7.8,4.5,9.29591,8.210571,3.40729,80.0,88.0,Good,Good
6.7,7.7,4.4,6.4018087,7.804317,4.211276,80.0,80.0,Good,Good
7.4,8.2,4.2,6.6422353,7.7587247,4.2353516,80.0,80.0,Good,Good
7.6,7.9,4.1,7.5537314,8.080118,4.3777843,80.0,80.0,Good,Good
8.3,8.2,4.0,7.6152935,7.928636,4.175681,88.0,80.0,Good,Good
10.6,8.3,4.0,8.407676,8.097363,4.1954737,88.0,88.0,Good,Good
11.3,8.2,4.1,10.147041,8.129332,3.8377056,88.0,88.0,Good,Good
10.4,8.32,3.9,9.932771,8.101158,3.9121275,88.0,88.0,Good,Good
10.3,8.2,3.8,9.934465,8.143458,3.8005338,88.0,88.0,Good,Good
7.6,8.24,3.9,9.578508,8.110123,3.8347495,80.0,88.0,Good,Good
7.3,8.24,3.9,7.748235,8.097564,4.0291805,80.0,80.0,Good,Good
7.7,8.16,3.8,7.563402,8.09528,4.0333133,80.0,80.0,Good,Good
7.7,8.23,3.9,7.8643875,8.047486,3.9424186,80.0,80.0,Good,Good
6.3,8.14,4.0,7.787855,8.086581,4.004389,80.0,80.0,Good,Good
6.2,8.09,4.2,6.71971,8.021858,4.072918,80.0,80.0,Good,Good
5.5,8.36,4.4,6.6529994,8.0050125,4.175156,72.0,80.0,Good,Good
8.2,8.34,4.2,6.5306263,8.089483,4.307056,88.0,80.0,Good,Good
10.0,8.3,3.9,7.828651,8.182071,4.4417834,88.0,80.0,Good,Good
10.2,8.26,4.2,9.422064,8.224457,4.192012,88.0,88.0,Good,Good
9.4,8.18,4.3,9.184955,8.194271,4.397805,88.0,88.0,Good,Good
9.4,8.27,3.9,8.609909,8.13985,4.484206,88.0,88.0,Good,Good
8.2,8.29,4.5,9.144169,8.216665,4.2186637,88.0,88.0,Good,Good
9.0,8.29,4.5,7.7282023,8.152262,4.6278195,88.0,80.0,Good,Good
8.3,8.26,4.4,8.260579,8.163993,4.6488733,88.0,88.0,Good,Good
7.2,8.32,4.5,7.759992,8.119193,4.614215,80.0,80.0,Good,Good
7.3,7.69,4.5,7.0600486,8.112328,4.605739,80.0,80.0,Good,Good
6.0,7.84,4.9,7.076368,7.726832,4.466212,80.0,80.0,Good,Good
6.7,7.84,4.8,6.455771,7.7831264,4.564084,80.0,80.0,Good,Good
6.0,7.8,3.6,6.810588,7.7908397,4.57714,80.0,80.0,Good,Good
6.1,8.38,3.7,6.484455,7.846128,3.7963924,80.0,80.0,Good,Good
6.6,8.02,3.7,6.893916,8.133654,3.9427738,80.0,80.0,Good,Good
7.0,8.35,3.8,6.8456197,7.9442067,3.7673564,80.0,80.0,Good,Good
7.7,8.46,4.2,7.504825,8.186132,3.9418278,80.0,80.0,Good,Good
8.4,8.45,3.9,8.219831,8.3053255,4.262561,88.0,88.0,Good,Good
10.8,8.43,3.6,9.043335,8.338489,3.9183373,88.0,88.0,Good,Good
10.7,8.31,3.3,10.33748,8.301113,3.4693217,88.0,88.0,Good,Good
10.6,8.39,3.8,10.195723,8.291064,3.378274,88.0,88.0,Good,Good
10.3,8.42,4.4,9.993089,8.285073,3.6725461,88.0,88.0,Good,Good
9.6,8.28,4.2,9.373369,8.268271,4.176367,88.0,88.0,Good,Good
8.6,8.14,4.6,8.914166,8.212237,4.2089233,88.0,88.0,Good,Good
8.0,8.14,3.6,8.124624,8.151027,4.412614,88.0,88.0,Good,Good
7.8,8.41,3.9,8.076638,8.10762,3.7234397,80.0,88.0,Good,Good
7.6,8.36,5.0,7.6440277,8.227796,4.1854396,80.0,80.0,Good,Good
7.6,8.38,4.6,7.060226,8.099829,4.615267,80.0,80.0,Good,Good
7.5,8.36,4.2,7.13894,8.117503,4.4559174,80.0,80.0,Good,Good
6.9,8.36,4.6,7.1709905,8.115582,4.2610703,80.0,80.0,Good,Good
6.3,8.33,4.3,6.8382945,8.089736,4.425375,80.0,80.0,Good,Good
5.9,8.18,4.5,6.6141076,8.052746,4.269898,72.0,80.0,Good,Good
6.4,7.81,4.3,6.426821,7.9786563,4.3172803,80.0,80.0,Good,Good
6.6,7.9,4.2,6.5191545,7.8248005,4.1650167,80.0,80.0,Good,Good
6.5,7.84,4.2,6.6185784,7.8628726,4.085141,80.0,80.0,Good,Good
6.7,7.98,4.4,6.5042844,7.8379292,3.9962106,80.0,80.0,Good,Good
6.9,8.0,3.3,6.756194,7.931039,4.1356654,80.0,80.0,Good,Good
6.8,8.24,3.4,7.031519,8.008879,3.457102,80.0,80.0,Good,Good
8.0,8.0,3.2,7.134549,8.110932,3.4221182,88.0,80.0,Good,Good
8.2,8.34,3.0,8.202186,8.10331,3.2927964,94.0,88.0,Excellent,Good
9.1,8.44,2.8,8.854073,8.318494,3.0594704,94.0,88.0,Excellent,Good
9.6,8.38,3.0,9.686965,8.367571,2.9374757,94.0,94.0,Excellent,Excellent
7.4,8.2,2.8,7.8329124,8.002959,2.9015834,86.0,86.0,Good,Good
7.5,8.0,2.7,7.8511863,8.068584,2.9702964,86.0,86.0,Good,Good
7.6,8.1,2.9,8.00054,8.023633,2.8497033,86.0,94.0,Good,Excellent
7.8,7.7,2.8,8.003325,8.078459,2.9592364,86.0,94.0,Good,Excellent
7.8,8.1,2.7,8.121465,7.97806,2.8022416,86.0,94.0,Good,Excellent
8.4,8.2,2.3,8.116397,8.072748,2.784911,94.0,94.0,Excellent,Excellent
9.6,7.8,2.2,8.779472,8.196471,2.4267318,94.0,94.0,Excellent,Excellent
8.3,8.18,2.2,8.936548,8.110298,2.3597136,94.0,94.0,Excellent,Excellent
9.5,8.16,2.4,8.671171,8.160956,2.3454332,94.0,94.0,Excellent,Excellent
7.5,8.11,2.5,9.266222,8.215477,2.3309355,86.0,94.0,Good,Excellent
8.9,7.87,2.5,7.9594226,8.060014,2.5657523,94.0,86.0,Excellent,Good
7.9,7.74,2.7,8.706858,8.092157,2.431961,86.0,94.0,Good,Excellent
8.0,7.92,2.4,8.008817,7.9309335,2.6343083,94.0,94.0,Excellent,Excellent
8.1,8.08,2.6,8.130423,7.976521,2.4697258,94.0,94.0,Excellent,Excellent
8.4,8.08,2.8,8.199204,8.045123,2.6309085,94.0,94.0,Excellent,Excellent
7.5,8.21,2.5,8.278675,8.067791,2.772738,86.0,94.0,Good,Excellent
8.4,8.14,2.6,7.8558154,8.054289,2.600777,94.0,86.0,Excellent,Good
8.0,8.21,2.7,8.399537,8.122518,2.6404376,94.0,94.0,Excellent,Excellent
8.5,8.18,2.8,8.174755,8.111037,2.7230282,94.0,94.0,Excellent,Excellent
8.4,8.22,2.7,8.628695,8.203355,2.7673142,94.0,94.0,Excellent,Excellent
8.7,8.28,2.6,8.613059,8.212693,2.7341661,94.0,94.0,Excellent,Excellent
8.1,8.28,2.7,8.920761,8.262071,2.6540365,94.0,94.0,Excellent,Excellent
8.7,8.24,2.7,8.3880005,8.200508,2.7678022,94.0,94.0,Excellent,Excellent
8.6,8.28,2.8,8.900207,8.252926,2.7151258,94.0,94.0,Excellent,Excellent
8.6,8.24,2.6,8.842876,8.253844,2.7543488,94.0,94.0,Excellent,Excellent
8.5,8.15,2.7,8.849696,8.249685,2.6708765,94.0,94.0,Excellent,Excellent
8.7,8.18,2.6,8.690619,8.209701,2.7203312,94.0,94.0,Excellent,Excellent
8.4,8.12,2.7,8.848367,8.235136,2.6742291,94.0,94.0,Excellent,Excellent
8.4,8.26,2.7,8.531473,8.175971,2.7344234,94.0,94.0,Excellent,Excellent
8.8,8.14,2.7,8.604048,8.216513,2.7334304,94.0,94.0,Excellent,Excellent
9.1,8.23,2.8,8.752948,8.204035,2.7500837,94.0,94.0,Excellent,Excellent
8.9,8.23,2.8,8.957627,8.239165,2.7874904,94.0,94.0,Excellent,Excellent
8.5,8.35,2.8,8.825902,8.224138,2.7976763,94.0,94.0,Excellent,Excellent
8.7,8.14,2.7,8.624267,8.227087,2.7815318,94.0,94.0,Excellent,Excellent
8.3,8.35,2.7,8.625668,8.182238,2.769186,94.0,94.0,Excellent,Excellent
8.7,8.21,2.8,8.477453,8.211414,2.753296,94.0,94.0,Excellent,Excellent
8.4,8.38,2.8,8.678388,8.203004,2.8069816,94.0,94.0,Excellent,Excellent
8.6,8.14,2.7,8.548806,8.227315,2.7837987,94.0,94.0,Excellent,Excellent
7.9,8.22,2.8,8.598958,8.181202,2.7619338,86.0,94.0,Good,Excellent
8.1,8.26,2.7,8.189137,8.158622,2.8094766,94.0,94.0,Excellent,Excellent
7.8,8.27,2.6,8.376669,8.190593,2.7512176,86.0,94.0,Good,Excellent
7.9,8.32,2.8,8.21128,8.18404,2.71545,86.0,94.0,Good,Excellent
7.4,8.06,2.8,8.290209,8.211628,2.7835727,86.0,94.0,Good,Excellent
7.8,7.79,2.8,7.888546,8.124277,2.8178682,86.0,86.0,Good,Good
7.8,7.72,2.7,8.142111,8.065161,2.80015,86.0,94.0,Good,Excellent
7.8,7.95,2.7,8.125151,8.0303,2.7649424,86.0,94.0,Good,Excellent
7.2,7.91,2.7,8.223829,8.099684,2.7548192,86.0,94.0,Good,Excellent
7.9,7.88,2.8,7.6419153,8.010718,2.8324752,86.0,86.0,Good,Good
7.6,7.38,2.9,8.233389,8.064831,2.797517,86.0,94.0,Good,Excellent
7.6,7.64,2.8,7.706706,7.845301,2.944987,86.0,86.0,Good,Good
7.4,8.03,3.0,7.9025493,7.9067016,2.8623047,86.0,86.0,Good,Good
8.1,8.35,2.8,7.6545997,7.963531,3.060638,94.0,80.0,Excellent,Good
8.6,8.07,2.9,8.189287,8.178569,2.9316819,94.0,94.0,Excellent,Excellent
8.8,8.28,2.8,8.620542,8.120634,2.9157872,94.0,94.0,Excellent,Excellent
9.1,8.25,2.6,8.764182,8.194892,2.8098834,94.0,94.0,Excellent,Excellent
12.5,8.08,2.9,8.985847,8.20326,2.6419544,94.0,94.0,Excellent,Excellent
11.5,8.08,2.9,9.808423,8.149563,2.8461714,94.0,94.0,Excellent,Excellent
10.9,8.27,2.7,9.769478,8.176858,2.8599923,94.0,94.0,Excellent,Excellent
8.2,8.22,2.8,9.76681,8.21376,2.4985251,94.0,94.0,Excellent,Excellent
8.7,8.27,2.8,8.4359665,8.172788,2.8535774,94.0,94.0,Excellent,Excellent
8.8,8.16,2.9,8.741135,8.218555,2.794514,94.0,94.0,Excellent,Excellent
8.9,8.32,2.9,8.764509,8.208448,2.8423762,94.0,94.0,Excellent,Excellent
12.5,8.08,2.9,8.871481,8.233258,2.8245325,94.0,94.0,Excellent,Excellent
9.5,8.05,2.8,10.264126,8.103965,3.057761,94.0,88.0,Excellent,Good
8.2,8.33,2.7,8.69449,8.145033,2.8688507,94.0,94.0,Excellent,Excellent
8.3,8.37,2.8,8.305858,8.153411,2.7535295,94.0,94.0,Excellent,Excellent
8.5,8.03,2.5,8.376683,8.174935,2.7904372,94.0,94.0,Excellent,Excellent
8.3,7.72,2.5,8.408493,8.120447,2.6258764,94.0,94.0,Excellent,Excellent
8.2,7.75,2.5,8.251334,8.049485,2.6041758,94.0,94.0,Excellent,Excellent
8.3,8.02,2.4,8.267711,8.0531645,2.6057177,94.0,94.0,Excellent,Excellent
8.3,7.7,2.4,8.442165,8.111088,2.5696385,94.0,94.0,Excellent,Excellent
8.1,7.83,2.3,8.225609,8.018934,2.5655808,94.0,94.0,Excellent,Excellent
8.5,7.88,2.6,8.221481,8.01803,2.5021863,94.0,94.0,Excellent,Excellent
8.0,7.79,2.7,8.357911,8.05341,2.6179957,94.0,94.0,Excellent,Excellent
8.1,7.91,3.0,8.071154,7.956408,2.7068634,94.0,94.0,Excellent,Excellent
7.8,7.88,3.0,8.057207,7.9550667,2.9473238,86.0,94.0,Good,Excellent
7.9,7.84,3.0,7.9126425,7.9013996,2.934552,86.0,86.0,Good,Good
8.1,7.86,3.0,7.9300504,7.858166,2.9515023,94.0,86.0,Excellent,Good
9.5,8.12,1.8,8.890421,8.02771,1.5432887,100.0,100.0,Excellent,Excellent
8.6,7.77,1.4,8.748289,7.9937305,1.6616702,100.0,100.0,Excellent,Excellent
9.6,7.64,1.4,8.171511,7.861018,1.7465787,100.0,100.0,Excellent,Excellent
8.1,8.13,1.2,8.082568,7.810874,1.9300662,100.0,100.0,Excellent,Excellent
8.4,7.84,1.3,7.9800563,7.8264513,1.5794117,100.0,92.0,Excellent,Excellent
8.7,7.79,1.0,7.8571396,7.7690015,1.7079093,100.0,92.0,Excellent,Excellent
7.9,7.79,1.0,8.309586,7.9269524,1.5564771,92.0,100.0,Excellent,Excellent
7.8,8.04,1.6,7.7116632,7.8604884,1.6574659,92.0,92.0,Excellent,Excellent
7.9,7.54,1.7,7.6812687,7.790335,1.7016692,92.0,92.0,Excellent,Excellent
5.9,7.6,1.2,7.701099,7.7361608,1.852513,84.0,92.0,Good,Excellent
6.5,7.63,1.1,6.73092,7.7336617,1.9821401,92.0,92.0,Excellent,Excellent
6.3,7.66,2.0,6.880048,7.740174,1.8894721,92.0,92.0,Excellent,Excellent
5.6,7.5,2.1,6.69879,7.6649637,2.0424356,78.0,86.0,Good,Good
8.3,7.8,1.2,6.4063973,7.632661,2.021661,100.0,86.0,Excellent,Good
6.9,7.95,2.4,7.8601837,7.7396054,1.4598958,86.0,92.0,Good,Excellent
6.0,7.81,1.8,7.099287,7.682732,1.8083402,92.0,92.0,Excellent,Excellent
7.5,7.72,1.0,6.547698,7.7608204,1.9987563,92.0,92.0,Excellent,Excellent
6.1,7.86,2.8,7.4805613,7.7459836,1.4909232,86.0,92.0,Good,Excellent
7.9,7.89,1.6,6.4068794,7.7243876,2.257228,92.0,86.0,Excellent,Good
8.0,8.01,1.4,7.6931534,7.7903185,1.5971096,100.0,92.0,Excellent,Excellent
10.8,8.2,1.0,8.018151,7.9103527,1.4969594,100.0,100.0,Excellent,Excellent
7.6,8.55,1.4,9.1712675,8.094666,1.2631228,86.0,100.0,Good,Excellent
9.8,8.37,1.1,8.89555,8.247036,1.3056043,100.0,100.0,Excellent,Excellent
11.5,8.65,1.1,9.292281,8.169907,1.2311625,94.0,100.0,Excellent,Excellent
10.2,7.98,1.0,9.495947,8.207769,1.2631619,100.0,100.0,Excellent,Excellent
9.1,8.03,1.3,9.057478,8.068273,1.3804553,100.0,100.0,Excellent,Excellent
8.0,8.03,1.9,8.962992,8.077638,1.3288772,100.0,100.0,Excellent,Excellent
8.9,8.46,1.5,8.277053,7.9409304,1.5160247,100.0,100.0,Excellent,Excellent
8.4,7.34,1.0,9.019659,8.116282,1.2517111,100.0,100.0,Excellent,Excellent
8.5,7.87,1.9,8.715796,8.124878,1.5870614,100.0,100.0,Excellent,Excellent
8.3,7.97,1.0,8.12363,7.9363256,1.8557528,100.0,100.0,Excellent,Excellent
8.9,7.82,1.8,7.94628,7.9021716,1.6154168,100.0,92.0,Excellent,Excellent
7.9,7.44,1.7,8.201716,7.957964,1.8933213,92.0,100.0,Excellent,Excellent
8.2,7.37,1.0,7.8242493,7.844484,1.9348564,100.0,92.0,Excellent,Excellent
7.4,7.49,1.4,7.6244755,7.791918,1.9441801,92.0,92.0,Excellent,Excellent
7.7,7.2,2.2,7.308995,7.717447,1.9283917,86.0,92.0,Good,Excellent
6.7,6.96,2.0,7.576422,7.6604934,2.0061972,92.0,86.0,Excellent,Good
6.6,7.53,2.0,7.068567,7.5260277,1.9336356,92.0,92.0,Excellent,Excellent
8.1,7.2,1.3,6.858267,7.5970945,2.0362449,100.0,86.0,Excellent,Good
6.9,7.34,1.7,7.5723977,7.6631727,1.827411,92.0,92.0,Excellent,Excellent
7.9,7.63,1.6,7.1517572,7.5781174,1.8372638,92.0,92.0,Excellent,Excellent
7.7,7.39,1.6,7.5516453,7.607116,1.6630371,92.0,92.0,Excellent,Excellent
9.5,7.3,1.3,7.565253,7.5930147,1.6761876,100.0,92.0,Excellent,Excellent
9.7,7.77,1.0,8.653929,7.4095488,1.255085,100.0,100.0,Excellent,Excellent
8.2,7.68,1.0,8.508725,7.647628,1.3677901,100.0,100.0,Excellent,Excellent
8.6,8.33,1.0,7.7773867,7.6079326,1.4625953,100.0,92.0,Excellent,Excellent
8.1,7.58,1.3,8.05546,7.7719154,1.5812211,100.0,100.0,Excellent,Excellent
8.5,7.56,1.4,7.669004,7.621492,1.5682143,100.0,92.0,Excellent,Excellent
8.1,8.13,1.4,7.7952023,7.6435437,1.5710036,100.0,92.0,Excellent,Excellent
7.7,7.77,2.2,7.754779,7.723609,1.5433974,86.0,92.0,Good,Excellent
8.2,7.78,1.6,7.4841614,7.60105,1.7702177,100.0,92.0,Excellent,Excellent
8.8,7.62,2.1,7.652164,7.648842,1.6246986,94.0,92.0,Excellent,Excellent
8.1,7.92,1.9,7.980226,7.674595,1.7352189,100.0,92.0,Excellent,Excellent
7.9,7.59,2.0,7.794571,7.673081,1.640517,92.0,92.0,Excellent,Excellent
8.2,8.01,2.1,7.6243544,7.6529813,1.8594346,94.0,92.0,Excellent,Excellent
7.3,7.59,2.4,7.767736,7.6910744,1.6768485,86.0,92.0,Good,Excellent
7.6,8.03,1.4,7.354671,7.615063,2.00359,92.0,86.0,Excellent,Good
7.4,7.64,1.8,7.354336,7.724196,1.7306039,92.0,92.0,Excellent,Excellent
7.5,7.59,2.1,7.4222126,7.63321,1.8511974,86.0,92.0,Good,Excellent
7.7,7.72,1.3,7.451424,7.621261,1.9321668,92.0,92.0,Excellent,Excellent
8.1,7.68,1.8,7.3964915,7.6498094,1.657239,100.0,92.0,Excellent,Excellent
8.3,7.81,1.4,7.6134443,7.62043,1.7465307,100.0,92.0,Excellent,Excellent
8.0,7.72,2.5,7.6737623,7.642096,1.598398,94.0,92.0,Excellent,Excellent
8.1,7.74,1.0,7.458225,7.592264,1.9658169,100.0,92.0,Excellent,Excellent
7.7,7.82,1.8,7.5233464,7.618367,1.5008216,92.0,92.0,Excellent,Excellent
8.9,7.21,1.1,7.4509907,7.622008,1.7310206,100.0,92.0,Excellent,Excellent
8.4,7.25,1.7,7.8927593,7.455944,1.4280639,100.0,92.0,Excellent,Excellent
8.4,7.76,1.4,7.7471313,7.479646,1.50296,100.0,92.0,Excellent,Excellent
7.9,7.64,1.6,7.712761,7.6042466,1.5012265,92.0,92.0,Excellent,Excellent
8.2,7.86,1.0,7.5485334,7.58021,1.6143702,100.0,92.0,Excellent,Excellent
7.9,7.26,1.0,7.69639,7.6472645,1.4282068,92.0,92.0,Excellent,Excellent
7.9,7.55,1.0,7.590338,7.5359464,1.4736598,92.0,92.0,Excellent,Excellent
8.1,7.88,1.0,7.6020436,7.584042,1.4322951,100.0,92.0,Excellent,Excellent
7.7,7.84,1.2,7.6822577,7.6438837,1.3979743,92.0,92.0,Excellent,Excellent
7.8,7.88,1.0,7.452037,7.6176248,1.4875588,92.0,92.0,Excellent,Excellent
8.2,7.24,1.3,7.48697,7.630581,1.3624009,100.0,92.0,Excellent,Excellent
8.5,7.79,1.3,7.6505585,7.5091105,1.4208846,100.0,92.0,Excellent,Excellent
8.2,7.78,1.1,7.873349,7.6090403,1.3245604,100.0,92.0,Excellent,Excellent
8.2,8.01,1.5,7.697469,7.6074276,1.3323911,100.0,92.0,Excellent,Excellent
8.5,7.68,1.1,7.635849,7.644072,1.4080049,100.0,92.0,Excellent,Excellent
7.8,7.48,1.2,7.7890377,7.611852,1.3144631,92.0,92.0,Excellent,Excellent
7.8,7.64,1.2,7.5406904,7.5812387,1.414555,92.0,92.0,Excellent,Excellent
7.6,7.89,2.1,7.482731,7.589052,1.403508,86.0,92.0,Good,Excellent
7.4,7.5,1.2,7.3128166,7.59385,1.621539,92.0,92.0,Excellent,Excellent
7.3,7.89,2.8,7.3001704,7.59126,1.5201613,86.0,92.0,Good,Excellent
7.6,7.6,1.5,7.1670523,7.5847235,1.828115,92.0,92.0,Excellent,Excellent
7.6,7.67,1.6,7.427577,7.60204,1.637145,92.0,92.0,Excellent,Excellent
7.2,7.65,1.3,7.429533,7.605324,1.6589079,92.0,92.0,Excellent,Excellent
7.2,7.29,1.1,7.159293,7.6133547,1.5948856,92.0,92.0,Excellent,Excellent
8.5,7.4,1.4,7.191246,7.5583463,1.6048906,100.0,92.0,Excellent,Excellent
7.7,7.37,1.9,7.6245823,7.557329,1.554191,92.0,92.0,Excellent,Excellent
